id;group;subgroup;germanName;latinName;habitat;distribution;rarity
vogel_haselhuhn;Vögel;Fasanverwandte;Haselhuhn;Tetrastes bonasia;Wald;Alpen, Bayrischer Wald, Sueddeutschland;
vogel_auerhuhn;Vögel;Fasanverwandte;Aürhuhn;Tetrao urogallus;;;
vogel_birkhuhn;Vögel;Fasanverwandte;Birkhuhn;Lyrurus tetrix;;;
vogel_alpenschneehuhn;Vögel;Fasanverwandte;Alpenschneehuhn;Lagopus muta;;;
vogel_steinhuhn;Vögel;Fasanverwandte;Steinhuhn;Alectoris graeca;;;
vogel_rebhuhn;Vögel;Fasanverwandte;Rebhuhn;Perdix perdix;;;
vogel_wachtel;Vögel;Fasanverwandte;Wachtel;Coturnix coturnix;;;
vogel_jagdfasan;Vögel;Fasanverwandte;Jagdfasan;Phasianus colchicus;;;
vogel_ringelgans;Vögel;Entenverwandte;Ringelgans;Branta bernicla;;;
vogel_rothalsgans;Vögel;Entenverwandte;Rothalsgans;Branta ruficollis;;;
vogel_kanadagans;Vögel;Entenverwandte;Kanadagans;Branta canadensis;;;
vogel_weisswangengans;Vögel;Entenverwandte;Weißwangengans;Branta leucopsis;;;
vogel_streifengans;Vögel;Entenverwandte;Streifengans;Anser indicus;;;
vogel_graugans;Vögel;Entenverwandte;Graugans;Anser anser;;;
vogel_waldsaatgans;Vögel;Entenverwandte;Waldsaatgans;Anser fabalis;;;
vogel_kurzschnabelgans;Vögel;Entenverwandte;Kurzschnabelgans;Anser brachyrhynchus;;;
vogel_tundrasaatgans;Vögel;Entenverwandte;Tundrasaatgans;Anser serrirostris;;;
vogel_blaessgans;Vögel;Entenverwandte;Blässgans;Anser albifrons;;;
vogel_zwerggans;Vögel;Entenverwandte;Zwerggans;Anser erythropus;;;
vogel_hoeckerschwan;Vögel;Entenverwandte;Höckerschwan;Cygnus olor;;;
vogel_zwergschwan;Vögel;Entenverwandte;Zwergschwan;Cygnus columbianus;;;
vogel_singschwan;Vögel;Entenverwandte;Singschwan;Cygnus cygnus;;;
vogel_nilgans;Vögel;Entenverwandte;Nilgans;Alopochen aegyptiaca;;;
vogel_brandgans;Vögel;Entenverwandte;Brandgans;Tadorna tadorna;;;
vogel_rostgans;Vögel;Entenverwandte;Rostgans;Tadorna ferruginea;;;
vogel_mandarinente;Vögel;Entenverwandte;Mandarinente;Aix galericulata;;;
vogel_knaekente;Vögel;Entenverwandte;Knäkente;Spatula querquedula;;;
vogel_blaufluegelente;Vögel;Entenverwandte;Blauflügelente;Spatula discors;;;
vogel_loeffelente;Vögel;Entenverwandte;Löffelente;Spatula clypeata;;;
vogel_schnatterente;Vögel;Entenverwandte;Schnatterente;Mareca strepera;;;
vogel_pfeifente;Vögel;Entenverwandte;Pfeifente;Mareca penelope;;;
vogel_kanadapfeifente;Vögel;Entenverwandte;Kanadapfeifente;Mareca americana;;;
vogel_stockente;Vögel;Entenverwandte;Stockente;Anas platyrhynchos;;;
vogel_spiessente;Vögel;Entenverwandte;Spießente;Anas acuta;;;
vogel_krickente;Vögel;Entenverwandte;Krickente;Anas crecca;;;
vogel_carolinakrickente;Vögel;Entenverwandte;Carolinakrickente;Anas carolinensis;;;
vogel_marmelente;Vögel;Entenverwandte;Marmelente;Marmaronetta angustirostris;;;
vogel_kolbenente;Vögel;Entenverwandte;Kolbenente;Netta rufina;;;
vogel_tafelente;Vögel;Entenverwandte;Tafelente;Aythya ferina;;;
vogel_moorente;Vögel;Entenverwandte;Moorente;Aythya nyroca;;;
vogel_ringschnabelente;Vögel;Entenverwandte;Ringschnabelente;Aythya collaris;;;
vogel_reiherente;Vögel;Entenverwandte;Reiherente;Aythya fuligula;;;
vogel_bergente;Vögel;Entenverwandte;Bergente;Aythya marila;;;
vogel_kanadabergente;Vögel;Entenverwandte;Kanadabergente;Aythya affinis;;;
vogel_scheckente;Vögel;Entenverwandte;Scheckente;Polysticta stelleri;;;
vogel_prachteiderente;Vögel;Entenverwandte;Prachteiderente;Somateria spectabilis;;;
vogel_eiderente;Vögel;Entenverwandte;Eiderente;Somateria mollissima;;;
vogel_kragenente;Vögel;Entenverwandte;Kragenente;Histrionicus histrionicus;;;
vogel_brillenente;Vögel;Entenverwandte;Brillenente;Melanitta perspicillata;;;
vogel_samtente;Vögel;Entenverwandte;Samtente;Melanitta fusca;;;
vogel_kamtschatkasamtente;Vögel;Entenverwandte;Kamtschatkasamtente;Melanitta stejnegeri;;;
vogel_trauerente;Vögel;Entenverwandte;Traürente;Melanitta nigra;;;
vogel_pazifiktrauerente;Vögel;Entenverwandte;Pazifiktraürente;Melanitta americana;;;
vogel_eisente;Vögel;Entenverwandte;Eisente;Clangula hyemalis;;;
vogel_schellente;Vögel;Entenverwandte;Schellente;Bucephala clangula;;;
vogel_spatelente;Vögel;Entenverwandte;Spatelente;Bucephala islandica;;;
vogel_zwergsaeger;Vögel;Entenverwandte;Zwergsäger;Mergellus albellus;;;
vogel_gaensesaeger;Vögel;Entenverwandte;Gänsesäger;Mergus merganser;;;
vogel_mittelsaeger;Vögel;Entenverwandte;Mittelsäger;Mergus serrator;;;
vogel_schwarzkopf-ruderente;Vögel;Entenverwandte;Schwarzkopf-Ruderente;Oxyura jamaicensis;;;
vogel_weisskopf-ruderente;Vögel;Entenverwandte;Weißkopf-Ruderente;Oxyura leucocephala;;;
vogel_nachtschwalbe;Vögel;Nachtschwalben;Nachtschwalbe;Caprimulgus europaeus;;;
vogel_pharaonennachtschwalbe;Vögel;Nachtschwalben;Pharaonennachtschwalbe;Caprimulgus aegyptius;;;
vogel_alpensegler;Vögel;Segler;Alpensegler;Tachymarptis melba;;;
vogel_mauersegler;Vögel;Segler;Maürsegler;Apus apus;;;
vogel_fahlsegler;Vögel;Segler;Fahlsegler;Apus pallidus;;;
vogel_pazifiksegler;Vögel;Segler;Pazifiksegler;Apus pacificus;;;
vogel_haussegler;Vögel;Segler;Haussegler;Apus affinis;;;
vogel_grosstrappe;Vögel;Trappen;Großtrappe;Otis tarda;;;
vogel_steppenkragentrappe;Vögel;Trappen;Steppenkragentrappe;Chlamydotis macqueenii;;;
vogel_haeherkuckuck;Vögel;Kuckucke;Häherkuckuck;Clamator glandarius;;;
vogel_schwarzschnabelkuckuck;Vögel;Kuckucke;Schwarzschnabelkuckuck;Coccyzus erythropthalmus;;;
vogel_kuckuck;Vögel;Kuckucke;Kuckuck;Cuculus canorus;;;
vogel_steppenflughuhn;Vögel;Flughühner;Steppenflughuhn;Syrrhaptes paradoxus;;;
vogel_sandflughuhn;Vögel;Flughühner;Sandflughuhn;Pterocles orientalis;;;
vogel_strassentaube;Vögel;Tauben;Straßentaube;Columba livia f. domestica;;;
vogel_hohltaube;Vögel;Tauben;Hohltaube;Columba oenas;;;
vogel_ringeltaube;Vögel;Tauben;Ringeltaube;Columba palumbus;;;
vogel_turteltaube;Vögel;Tauben;Turteltaube;Streptopelia turtur;;;
vogel_orientturteltaube;Vögel;Tauben;Orientturteltaube;Streptopelia orientalis;;;
vogel_tuerkentaube;Vögel;Tauben;Türkentaube;Streptopelia decaocto;;;
vogel_carolinataube;Vögel;Tauben;Carolinataube;Zenaida macroura;;;
vogel_wasserralle;Vögel;Rallen;Wasserralle;Rallus aquaticus;;;
vogel_wachtelkoenig;Vögel;Rallen;Wachtelkönig;Crex crex;;;
vogel_tuepfelsumpfhuhn;Vögel;Rallen;Tüpfelsumpfhuhn;Porzana porzana;;;
vogel_kleinsumpfhuhn;Vögel;Rallen;Kleinsumpfhuhn;Zapornia parva;;;
vogel_zwergsumpfhuhn;Vögel;Rallen;Zwergsumpfhuhn;Zapornia pusilla;;;
vogel_purpurhuhn;Vögel;Rallen;Purpurhuhn;Porphyrio porphyrio;;;
vogel_graukopf-purpurhuhn;Vögel;Rallen;Graukopf-Purpurhuhn;Porphyrio poliocephalus;;;
vogel_bronzesultanshuhn;Vögel;Rallen;Bronzesultanshuhn;Porphyrio alleni;;;
vogel_teichhuhn;Vögel;Rallen;Teichhuhn;Gallinula chloropus;;;
vogel_blaesshuhn;Vögel;Rallen;Blässhuhn;Fulica atra;;;
vogel_kanadakranich;Vögel;Kraniche;Kanadakranich;Antigone canadensis;;;
vogel_jungfernkranich;Vögel;Kraniche;Jungfernkranich;Grus virgo;;;
vogel_kranich;Vögel;Kraniche;Kranich;Grus grus;;;
vogel_zwergtaucher;Vögel;Lappentaucher;Zwergtaucher;Tachybaptus ruficollis;;;
vogel_bindentaucher;Vögel;Lappentaucher;Bindentaucher;Podilymbus podiceps;;;
vogel_rothalstaucher;Vögel;Lappentaucher;Rothalstaucher;Podiceps grisegena;;;
vogel_haubentaucher;Vögel;Lappentaucher;Haubentaucher;Podiceps cristatus;;;
vogel_ohrentaucher;Vögel;Lappentaucher;Ohrentaucher;Podiceps auritus;;;
vogel_schwarzhalstaucher;Vögel;Lappentaucher;Schwarzhalstaucher;Podiceps nigricollis;;;
vogel_rosaflamingo;Vögel;Flamingos;Rosaflamingo;Phoenicopterus roseus;;;
vogel_triel;Vögel;Triele;Triel;Burhinus oedicnemus;;;
vogel_austernfischer;Vögel;Austernfischer;Austernfischer;Haematopus ostralegus;;;
vogel_stelzenlaeufer;Vögel;Säbelschnäblerverwandte ;Stelzenläufer;Himantopus himantopus;;;
vogel_saebelschnaebler;Vögel;Säbelschnäblerverwandte ;Säbelschnäbler;Recurvirostra avosetta;;;
vogel_kiebitz;Vögel;Regenpfeiferverwandte;Kiebitz;Vanellus vanellus;;;
vogel_steppenkiebitz;Vögel;Regenpfeiferverwandte;Steppenkiebitz;Vanellus gregarius;;;
vogel_weissschwanzkiebitz;Vögel;Regenpfeiferverwandte;Weißschwanzkiebitz;Vanellus leucurus;;;
vogel_goldregenpfeifer;Vögel;Regenpfeiferverwandte;Goldregenpfeifer;Pluvialis apricaria;;;
vogel_tundra-goldregenpfeifer;Vögel;Regenpfeiferverwandte;Tundra-Goldregenpfeifer;Pluvialis fulva;;;
vogel_praerie-goldregenpfeifer;Vögel;Regenpfeiferverwandte;Prärie-Goldregenpfeifer;Pluvialis dominica;;;
vogel_kiebitzregenpfeifer;Vögel;Regenpfeiferverwandte;Kiebitzregenpfeifer;Pluvialis squatarola;;;
vogel_sandregenpfeifer;Vögel;Regenpfeiferverwandte;Sandregenpfeifer;Charadrius hiaticula;;;
vogel_flussregenpfeifer;Vögel;Regenpfeiferverwandte;Flussregenpfeifer;Charadrius dubius;;;
vogel_seeregenpfeifer;Vögel;Regenpfeiferverwandte;Seeregenpfeifer;Charadrius alexandrinus;;;
vogel_wuestenregenpfeifer;Vögel;Regenpfeiferverwandte;Wüstenregenpfeifer;Charadrius leschenaultii;;;
vogel_wermutregenpfeifer;Vögel;Regenpfeiferverwandte;Wermutregenpfeifer;Charadrius asiaticus;;;
vogel_mornellregenpfeifer;Vögel;Regenpfeiferverwandte;Mornellregenpfeifer;Charadrius morinellus;;;
vogel_praerielaeufer;Vögel;Schnepfenverwandte;Prärieläufer;Bartramia longicauda;;;
vogel_regenbrachvogel;Vögel;Schnepfenverwandte;Regenbrachvogel;Numenius phaeopus;;;
vogel_duennschnabel-brachvogel;Vögel;Schnepfenverwandte;Dünnschnabel-Brachvogel;Numenius tenuirostris;;;
vogel_brachvogel;Vögel;Schnepfenverwandte;Brachvogel;Numenius arquata;;;
vogel_pfuhlschnepfe;Vögel;Schnepfenverwandte;Pfuhlschnepfe;Limosa lapponica;;;
vogel_uferschnepfe;Vögel;Schnepfenverwandte;Uferschnepfe;Limosa limosa;;;
vogel_steinwaelzer;Vögel;Schnepfenverwandte;Steinwälzer;Arenaria interpres;;;
vogel_anadyrknutt;Vögel;Schnepfenverwandte;Anadyrknutt;Calidris tenuirostris;;;
vogel_knutt;Vögel;Schnepfenverwandte;Knutt;Calidris canutus;;;
vogel_kampflaeufer;Vögel;Schnepfenverwandte;Kampfläufer;Calidris pugnax;;;
vogel_sumpflaeufer;Vögel;Schnepfenverwandte;Sumpfläufer;Calidris falcinellus;;;
vogel_spitzschwanz-strandlaeufer;Vögel;Schnepfenverwandte;Spitzschwanz-Strandläufer;Calidris acuminata;;;
vogel_bindenstrandlaeufer;Vögel;Schnepfenverwandte;Bindenstrandläufer;Calidris himantopus;;;
vogel_sichelstrandlaeufer;Vögel;Schnepfenverwandte;Sichelstrandläufer;Calidris ferruginea;;;
vogel_temminckstrandlaeufer;Vögel;Schnepfenverwandte;Temminckstrandläufer;Calidris temminckii;;;
vogel_langzehen-strandlaeufer;Vögel;Schnepfenverwandte;Langzehen-Strandläufer;Calidris subminuta;;;
vogel_rotkehl-strandlaeufer;Vögel;Schnepfenverwandte;Rotkehl-Strandläufer;Calidris ruficollis;;;
vogel_sanderling;Vögel;Schnepfenverwandte;Sanderling;Calidris alba;;;
vogel_alpenstrandlaeufer;Vögel;Schnepfenverwandte;Alpenstrandläufer;Calidris alpina;;;
vogel_meerstrandlaeufer;Vögel;Schnepfenverwandte;Meerstrandläufer;Calidris maritima;;;
vogel_bairdstrandlaeufer;Vögel;Schnepfenverwandte;Bairdstrandläufer;Calidris bairdii;;;
vogel_zwergstrandlaeufer;Vögel;Schnepfenverwandte;Zwergstrandläufer;Calidris minuta;;;
vogel_wiesenstrandlaeufer;Vögel;Schnepfenverwandte;Wiesenstrandläufer;Calidris minutilla;;;
vogel_weissbuerzel-strandlaeufer;Vögel;Schnepfenverwandte;Weißbürzel-Strandläufer;Calidris fuscicollis;;;
vogel_graslaeufer;Vögel;Schnepfenverwandte;Grasläufer;Calidris subruficollis;;;
vogel_graubrust-strandlaeufer;Vögel;Schnepfenverwandte;Graubrust-Strandläufer;Calidris melanotos;;;
vogel_sandstrandlaeufer;Vögel;Schnepfenverwandte;Sandstrandläufer;Calidris pusilla;;;
vogel_tundraschlammlaeufer;Vögel;Schnepfenverwandte;Tundraschlammläufer;Limnodromus scolopaceus;;;
vogel_moorschlammlaeufer;Vögel;Schnepfenverwandte;Moorschlammläufer;Limnodromus griseus;;;
vogel_waldschnepfe;Vögel;Schnepfenverwandte;Waldschnepfe;Scolopax rusticola;;;
vogel_zwergschnepfe;Vögel;Schnepfenverwandte;Zwergschnepfe;Lymnocryptes minimus;;;
vogel_doppelschnepfe;Vögel;Schnepfenverwandte;Doppelschnepfe;Gallinago media;;;
vogel_bekassine;Vögel;Schnepfenverwandte;Bekassine;Gallinago gallinago;;;
vogel_terekwasserlaeufer;Vögel;Schnepfenverwandte;Terekwasserläufer;Xenus cinereus;;;
vogel_wilsonwassertreter;Vögel;Schnepfenverwandte;Wilsonwassertreter;Phalaropus tricolor;;;
vogel_odinshuehnchen;Vögel;Schnepfenverwandte;Odinshühnchen;Phalaropus lobatus;;;
vogel_thorshuehnchen;Vögel;Schnepfenverwandte;Thorshühnchen;Phalaropus fulicarius;;;
vogel_flussuferlaeufer;Vögel;Schnepfenverwandte;Flussuferläufer;Actitis hypoleucos;;;
vogel_drosseluferlaeufer;Vögel;Schnepfenverwandte;Drosseluferläufer;Actitis macularius;;;
vogel_waldwasserlaeufer;Vögel;Schnepfenverwandte;Waldwasserläufer;Tringa ochropus;;;
vogel_gelbschenkel;Vögel;Schnepfenverwandte;Gelbschenkel;Tringa flavipes;;;
vogel_rotschenkel;Vögel;Schnepfenverwandte;Rotschenkel;Tringa totanus;;;
vogel_teichwasserlaeufer;Vögel;Schnepfenverwandte;Teichwasserläufer;Tringa stagnatilis;;;
vogel_bruchwasserlaeufer;Vögel;Schnepfenverwandte;Bruchwasserläufer;Tringa glareola;;;
vogel_dunkelwasserlaeufer;Vögel;Schnepfenverwandte;Dunkelwasserläufer;Tringa erythropus;;;
vogel_gruenschenkel;Vögel;Schnepfenverwandte;Grünschenkel;Tringa nebularia;;;
vogel_rennvogel;Vögel;Brachschwalbenverwandte ;Rennvogel;Cursorius cursor;;;
vogel_rotfluegel-brachschwalbe;Vögel;Brachschwalbenverwandte ;Rotflügel-Brachschwalbe;Glareola pratincola;;;
vogel_schwarzfluegel-brachschwalbe;Vögel;Brachschwalbenverwandte ;Schwarzflügel-Brachschwalbe;Glareola nordmanni;;;
vogel_noddi;Vögel;Möwenverwandte;Noddi;Anous stolidus;;;
vogel_dreizehenmoewe;Vögel;Möwenverwandte;Dreizehenmöwe;Rissa tridactyla;;;
vogel_elfenbeinmoewe;Vögel;Möwenverwandte;Elfenbeinmöwe;Pagophila eburnea;;;
vogel_schwalbenmoewe;Vögel;Möwenverwandte;Schwalbenmöwe;Xema sabini;;;
vogel_duennschnabelmoewe;Vögel;Möwenverwandte;Dünnschnabelmöwe;Chroicocephalus genei;;;
vogel_bonapartemoewe;Vögel;Möwenverwandte;Bonapartemöwe;Chroicocephalus philadelphia;;;
vogel_lachmoewe;Vögel;Möwenverwandte;Lachmöwe;Chroicocephalus ridibundus;;;
vogel_zwergmoewe;Vögel;Möwenverwandte;Zwergmöwe;Hydrocoloeus minutus;;;
vogel_rosenmoewe;Vögel;Möwenverwandte;Rosenmöwe;Rhodostethia rosea;;;
vogel_aztekenmoewe;Vögel;Möwenverwandte;Aztekenmöwe;Leucophaeus atricilla;;;
vogel_praeriemoewe;Vögel;Möwenverwandte;Präriemöwe;Leucophaeus pipixcan;;;
vogel_korallenmoewe;Vögel;Möwenverwandte;Korallenmöwe;Ichthyaetus audouinii;;;
vogel_schwarzkopfmoewe;Vögel;Möwenverwandte;Schwarzkopfmöwe;Ichthyaetus melanocephalus;;;
vogel_fischmoewe;Vögel;Möwenverwandte;Fischmöwe;Ichthyaetus ichthyaetus;;;
vogel_sturmmoewe;Vögel;Möwenverwandte;Sturmmöwe;Larus canus;;;
vogel_ringschnabelmoewe;Vögel;Möwenverwandte;Ringschnabelmöwe;Larus delawarensis;;;
vogel_mantelmoewe;Vögel;Möwenverwandte;Mantelmöwe;Larus marinus;;;
vogel_eismoewe;Vögel;Möwenverwandte;Eismöwe;Larus hyperboreus;;;
vogel_polarmoewe;Vögel;Möwenverwandte;Polarmöwe;Larus glaucoides;;;
vogel_silbermoewe;Vögel;Möwenverwandte;Silbermöwe;Larus argentatus;;;
vogel_kanadamoewe;Vögel;Möwenverwandte;Kanadamöwe;Larus smithsonianus;;;
vogel_steppenmoewe;Vögel;Möwenverwandte;Steppenmöwe;Larus cachinnans;;;
vogel_mittelmeermoewe;Vögel;Möwenverwandte;Mittelmeermöwe;Larus michahellis;;;
vogel_heringsmoewe;Vögel;Möwenverwandte;Heringsmöwe;Larus fuscus;;;
vogel_lachseeschwalbe;Vögel;Möwenverwandte;Lachseeschwalbe;Gelochelidon nilotica;;;
vogel_raubseeschwalbe;Vögel;Möwenverwandte;Raubseeschwalbe;Hydroprogne caspia;;;
vogel_rueppellseeschwalbe;Vögel;Möwenverwandte;Rüppellseeschwalbe;Thalasseus bengalensis;;;
vogel_brandseeschwalbe;Vögel;Möwenverwandte;Brandseeschwalbe;Thalasseus sandvicensis;;;
vogel_schmuckseeschwalbe;Vögel;Möwenverwandte;Schmuckseeschwalbe;Thalasseus elegans;;;
vogel_zwergseeschwalbe;Vögel;Möwenverwandte;Zwergseeschwalbe;Sternula albifrons;;;
vogel_zuegelseeschwalbe;Vögel;Möwenverwandte;Zügelseeschwalbe;Onychoprion anaethetus;;;
vogel_russseeschwalbe;Vögel;Möwenverwandte;Rußseeschwalbe;Onychoprion fuscatus;;;
vogel_rosenseeschwalbe;Vögel;Möwenverwandte;Rosenseeschwalbe;Sterna dougallii;;;
vogel_flussseeschwalbe;Vögel;Möwenverwandte;Flussseeschwalbe;Sterna hirundo;;;
vogel_kuestenseeschwalbe;Vögel;Möwenverwandte;Küstenseeschwalbe;Sterna paradisaea;;;
vogel_weissbart-seeschwalbe;Vögel;Möwenverwandte;Weißbart-Seeschwalbe;Chlidonias hybrida;;;
vogel_weissfluegel-seeschwalbe;Vögel;Möwenverwandte;Weißflügel-Seeschwalbe;Chlidonias leucopterus;;;
vogel_trauerseeschwalbe;Vögel;Möwenverwandte;Traürseeschwalbe;Chlidonias niger;;;
vogel_skua;Vögel;Raubmöwen;Skua;Stercorarius skua;;;
vogel_spatelraubmoewe;Vögel;Raubmöwen;Spatelraubmöwe;Stercorarius pomarinus;;;
vogel_schmarotzerraubmoewe;Vögel;Raubmöwen;Schmarotzerraubmöwe;Stercorarius parasiticus;;;
vogel_falkenraubmoewe;Vögel;Raubmöwen;Falkenraubmöwe;Stercorarius longicaudus;;;
vogel_krabbentaucher;Vögel;Alke;Krabbentaucher;Alle alle;;;
vogel_dickschnabellumme;Vögel;Alke;Dickschnabellumme;Uria lomvia;;;
vogel_trottellumme;Vögel;Alke;Trottellumme;Uria aalge;;;
vogel_tordalk;Vögel;Alke;Tordalk;Alca torda;;;
vogel_gryllteiste;Vögel;Alke;Gryllteiste;Cepphus grylle;;;
vogel_papageitaucher;Vögel;Alke;Papageitaucher;Fratercula arctica;;;
vogel_sterntaucher;Vögel;Seetaucher;Sterntaucher;Gavia stellata;;;
vogel_prachttaucher;Vögel;Seetaucher;Prachttaucher;Gavia arctica;;;
vogel_eistaucher;Vögel;Seetaucher;Eistaucher;Gavia immer;;;
vogel_gelbschnabeltaucher;Vögel;Seetaucher;Gelbschnabeltaucher;Gavia adamsii;;;
vogel_buntfuss-sturmschwalbe;Vögel;Sturmschwalben;Buntfuß-Sturmschwalbe;Oceanites oceanicus;;;
vogel_schwarzbrauenalbatros;Vögel;Albatrosse;Schwarzbraünalbatros;Thalassarche melanophris;;;
vogel_sturmwellenlaeufer;Vögel;Wellenläufer;Sturmwellenläufer;Hydrobates pelagicus;;;
vogel_wellenlaeufer;Vögel;Wellenläufer;Wellenläufer;Oceanodroma leucorhoa;;;
vogel_eissturmvogel;Vögel;Sturmvögel;Eissturmvogel;Fulmarus glacialis;;;
vogel_sepiasturmtaucher;Vögel;Sturmvögel;Sepiasturmtaucher;Calonectris diomedea;;;
vogel_corysturmtaucher;Vögel;Sturmvögel;Corysturmtaucher;Calonectris borealis;;;
vogel_dunkelsturmtaucher;Vögel;Sturmvögel;Dunkelsturmtaucher;Ardenna grisea;;;
vogel_kappensturmtaucher;Vögel;Sturmvögel;Kappensturmtaucher;Ardenna gravis;;;
vogel_atlantiksturmtaucher;Vögel;Sturmvögel;Atlantiksturmtaucher;Puffinus puffinus;;;
vogel_balearensturmtaucher;Vögel;Sturmvögel;Balearensturmtaucher;Puffinus mauretanicus;;;
vogel_barolosturmtaucher;Vögel;Sturmvögel;Barolosturmtaucher;Puffinus baroli;;;
vogel_bulwersturmvogel;Vögel;Sturmvögel;Bulwersturmvogel;Bulweria bulwerii;;;
vogel_schwarzstorch;Vögel;Störche;Schwarzstorch;Ciconia nigra;;;
vogel_weissstorch;Vögel;Störche;Weißstorch;Ciconia ciconia;;;
vogel_basstoelpel;Vögel;Tölpel;Basstölpel;Morus bassanus;;;
vogel_weissbauchtoelpel;Vögel;Tölpel;Weißbauchtölpel;Sula leucogaster;;;
vogel_zwergscharbe;Vögel;Scharben;Zwergscharbe;Microcarbo pygmaeus;;;
vogel_kraehenscharbe;Vögel;Scharben;Krähenscharbe;Phalacrocorax aristotelis;;;
vogel_kormoran;Vögel;Scharben;Kormoran;Phalacrocorax carbo;;;
vogel_sichler;Vögel;Ibisse;Sichler;Plegadis falcinellus;;;
vogel_loeffler;Vögel;Ibisse;Löffler;Platalea leucorodia;;;
vogel_rohrdommel;Vögel;Reiher;Rohrdommel;Botaurus stellaris;;;
vogel_zwergdommel;Vögel;Reiher;Zwergdommel;Ixobrychus minutus;;;
vogel_nachtreiher;Vögel;Reiher;Nachtreiher;Nycticorax nycticorax;;;
vogel_rallenreiher;Vögel;Reiher;Rallenreiher;Ardeola ralloides;;;
vogel_kuhreiher;Vögel;Reiher;Kuhreiher;Bubulcus ibis;;;
vogel_graureiher;Vögel;Reiher;Graureiher;Ardea cinerea;;;
vogel_purpurreiher;Vögel;Reiher;Purpurreiher;Ardea purpurea;;;
vogel_silberreiher;Vögel;Reiher;Silberreiher;Ardea alba;;;
vogel_seidenreiher;Vögel;Reiher;Seidenreiher;Egretta garzetta;;;
vogel_rosapelikan;Vögel;Pelikane;Rosapelikan;Pelecanus onocrotalus;;;
vogel_krauskopfpelikan;Vögel;Pelikane;Krauskopfpelikan;Pelecanus crispus;;;
vogel_fischadler;Vögel;Fischadler;Fischadler;Pandion haliaetus;;;
vogel_gleitaar;Vögel;Habichtverwandte;Gleitaar;Elanus caeruleus;;;
vogel_bartgeier;Vögel;Habichtverwandte;Bartgeier;Gypaetus barbatus;;;
vogel_schmutzgeier;Vögel;Habichtverwandte;Schmutzgeier;Neophron percnopterus;;;
vogel_wespenbussard;Vögel;Habichtverwandte;Wespenbussard;Pernis apivorus;;;
vogel_gaensegeier;Vögel;Habichtverwandte;Gänsegeier;Gyps fulvus;;;
vogel_moenchsgeier;Vögel;Habichtverwandte;Mönchsgeier;aegypius monachus;;;
vogel_schlangenadler;Vögel;Habichtverwandte;Schlangenadler;Circaetus gallicus;;;
vogel_schreiadler;Vögel;Habichtverwandte;Schreiadler;Clanga pomarina;;;
vogel_schelladler;Vögel;Habichtverwandte;Schelladler;Clanga clanga;;;
vogel_zwergadler;Vögel;Habichtverwandte;Zwergadler;Hieraaetus pennatus;;;
vogel_steinadler;Vögel;Habichtverwandte;Steinadler;Aquila chrysaetos;;;
vogel_habichtsadler;Vögel;Habichtverwandte;Habichtsadler;Aquila fasciata;;;
vogel_sperber;Vögel;Habichtverwandte;Sperber;Accipiter nisus;;;
vogel_habicht;Vögel;Habichtverwandte;Habicht;Accipiter gentilis;;;
vogel_rohrweihe;Vögel;Habichtverwandte;Rohrweihe;Circus aeruginosus;;;
vogel_kornweihe;Vögel;Habichtverwandte;Kornweihe;Circus cyaneus;;;
vogel_steppenweihe;Vögel;Habichtverwandte;Steppenweihe;Circus macrourus;;;
vogel_wiesenweihe;Vögel;Habichtverwandte;Wiesenweihe;Circus pygargus;;;
vogel_rotmilan;Vögel;Habichtverwandte;Rotmilan;Milvus milvus;;;
vogel_schwarzmilan;Vögel;Habichtverwandte;Schwarzmilan;Milvus migrans;;;
vogel_seeadler;Vögel;Habichtverwandte;Seeadler;Haliaeetus albicilla;;;
vogel_raufussbussard;Vögel;Habichtverwandte;Raufußbussard;Buteo lagopus;;;
vogel_adlerbussard;Vögel;Habichtverwandte;Adlerbussard;Buteo rufinus;;;
vogel_maeusebussard;Vögel;Habichtverwandte;Mäusebussard;Buteo buteo;;;
vogel_schleiereule;Vögel;Schleiereulen;Schleiereule;Tyto alba;;;
vogel_zwergohreule;Vögel;Eulen;Zwergohreule;Otus scops;;;
vogel_schneeeule;Vögel;Eulen;Schneeeule;Bubo scandiacus;;;
vogel_uhu;Vögel;Eulen;Uhu;Bubo bubo;;;
vogel_waldkauz;Vögel;Eulen;Waldkauz;Strix aluco;;;
vogel_habichtskauz;Vögel;Eulen;Habichtskauz;Strix uralensis;;;
vogel_sperbereule;Vögel;Eulen;Sperbereule;Surnia ulula;;;
vogel_sperlingskauz;Vögel;Eulen;Sperlingskauz;Glaucidium passerinum;;;
vogel_steinkauz;Vögel;Eulen;Steinkauz;Athene noctua;;;
vogel_raufusskauz;Vögel;Eulen;Raufußkauz;aegolius funereus;;;
vogel_waldohreule;Vögel;Eulen;Waldohreule;Asio otus;;;
vogel_sumpfohreule;Vögel;Eulen;Sumpfohreule;Asio flammeus;;;
vogel_wiedehopf;Vögel;Wiedehopfe;Wiedehopf;Upupa epops;;;
vogel_blauracke;Vögel;Racken;Blauracke;Coracias garrulus;;;
vogel_eisvogel;Vögel;Eisvögel;Eisvogel;Alcedo atthis;;;
vogel_blauwangenspint;Vögel;Spinte;Blauwangenspint;Merops persicus;;;
vogel_bienenfresser;Vögel;Spinte;Bienenfresser;Merops apiaster;;;
vogel_wendehals;Vögel;Spechte;Wendehals;Jynx torquilla;;;
vogel_dreizehenspecht;Vögel;Spechte;Dreizehenspecht;Picoides tridactylus;;;
vogel_mittelspecht;Vögel;Spechte;Mittelspecht;Dendrocoptes medius;;;
vogel_kleinspecht;Vögel;Spechte;Kleinspecht;Dryobates minor;;;
vogel_blutspecht;Vögel;Spechte;Blutspecht;Dendrocopos syriacus;;;
vogel_buntspecht;Vögel;Spechte;Buntspecht;Dendrocopos major;;;
vogel_weissrueckenspecht;Vögel;Spechte;Weißrückenspecht;Dendrocopos leucotos;;;
vogel_schwarzspecht;Vögel;Spechte;Schwarzspecht;Dryocopus martius;;;
vogel_gruenspecht;Vögel;Spechte;Grünspecht;Picus viridis;;;
vogel_grauspecht;Vögel;Spechte;Grauspecht;Picus canus;;;
vogel_roetelfalke;Vögel;Falken;Rötelfalke;Falco naumanni;;;
vogel_turmfalke;Vögel;Falken;Turmfalke;Falco tinnunculus;;;
vogel_rotfussfalke;Vögel;Falken;Rotfußfalke;Falco vespertinus;;;
vogel_eleonorenfalke;Vögel;Falken;Eleonorenfalke;Falco eleonorae;;;
vogel_merlin;Vögel;Falken;Merlin;Falco columbarius;;;
vogel_baumfalke;Vögel;Falken;Baumfalke;Falco subbuteo;;;
vogel_wuergfalke;Vögel;Falken;Würgfalke;Falco cherrug;;;
vogel_gerfalke;Vögel;Falken;Gerfalke;Falco rusticolus;;;
vogel_wanderfalke;Vögel;Falken;Wanderfalke;Falco peregrinus;;;
vogel_halsbandsittich;Vögel;Altweltpapageien;Halsbandsittich;Psittacula krameri;;;
vogel_braunwuerger;Vögel;Würger;Braunwürger;Lanius cristatus;;;
vogel_neuntoeter;Vögel;Würger;Neuntöter;Lanius collurio;;;
vogel_isabellwuerger;Vögel;Würger;Isabellwürger;Lanius isabellinus;;;
vogel_rotschwanzwuerger;Vögel;Würger;Rotschwanzwürger;Lanius phoenicuroides;;;
vogel_schwarzstirnwuerger;Vögel;Würger;Schwarzstirnwürger;Lanius minor;;;
vogel_raubwuerger;Vögel;Würger;Raubwürger;Lanius excubitor;;;
vogel_rotkopfwuerger;Vögel;Würger;Rotkopfwürger;Lanius senator;;;
vogel_maskenwuerger;Vögel;Würger;Maskenwürger;Lanius nubicus;;;
vogel_gelbkehlvireo;Vögel;Vireos;Gelbkehlvireo;Vireo flavifrons;;;
vogel_rotaugenvireo;Vögel;Vireos;Rotaugenvireo;Vireo olivaceus;;;
vogel_pirol;Vögel;Pirole;Pirol;Oriolus oriolus;;;
vogel_eichelhaeher;Vögel;Krähenverwandte;Eichelhäher;Garrulus glandarius;;;
vogel_elster;Vögel;Krähenverwandte;Elster;Pica pica;;;
vogel_tannenhaeher;Vögel;Krähenverwandte;Tannenhäher;Nucifraga caryocatactes;;;
vogel_alpenkraehe;Vögel;Krähenverwandte;Alpenkrähe;Pyrrhocorax pyrrhocorax;;;
vogel_alpendohle;Vögel;Krähenverwandte;Alpendohle;Pyrrhocorax graculus;;;
vogel_dohle;Vögel;Krähenverwandte;Dohle;Coloeus monedula;;;
vogel_saatkraehe;Vögel;Krähenverwandte;Saatkrähe;Corvus frugilegus;;;
vogel_rabenkraehe;Vögel;Krähenverwandte;Rabenkrähe;Corvus corone;;;
vogel_nebelkraehe;Vögel;Krähenverwandte;Nebelkrähe;Corvus cornix;;;
vogel_kolkrabe;Vögel;Krähenverwandte;Kolkrabe;Corvus corax;;;
vogel_seidenschwanz;Vögel;Seidenschwänze;Seidenschwanz;Bombycilla garrulus;;;
vogel_tannenmeise;Vögel;Meisen;Tannenmeise;Periparus ater;;;
vogel_haubenmeise;Vögel;Meisen;Haubenmeise;Lophophanes cristatus;;;
vogel_sumpfmeise;Vögel;Meisen;Sumpfmeise;Poecile palustris;;;
vogel_weidenmeise;Vögel;Meisen;Weidenmeise;Poecile montanus;;;
vogel_blaumeise;Vögel;Meisen;Blaumeise;Cyanistes caeruleus;;;
vogel_lasurmeise;Vögel;Meisen;Lasurmeise;Cyanistes cyanus;;;
vogel_kohlmeise;Vögel;Meisen;Kohlmeise;Parus major;;;
vogel_beutelmeise;Vögel;Meisen;Beutelmeise;Remiz pendulinus;;;
vogel_bartmeise;Vögel;Meisen;Bartmeise;Panurus biarmicus;;;
vogel_heidelerche;Vögel;Lerchen;Heidelerche;Lullula arborea;;;
vogel_weissfluegellerche;Vögel;Lerchen;Weißflügellerche;Alauda leucoptera;;;
vogel_feldlerche;Vögel;Lerchen;Feldlerche;Alauda arvensis;;;
vogel_haubenlerche;Vögel;Lerchen;Haubenlerche;Galerida cristata;;;
vogel_ohrenlerche;Vögel;Lerchen;Ohrenlerche;Eremophila alpestris;;;
vogel_kurzzehenlerche;Vögel;Lerchen;Kurzzehenlerche;Calandrella brachydactyla;;;
vogel_kalanderlerche;Vögel;Lerchen;Kalanderlerche;Melanocorypha calandra;;;
vogel_schwarzsteppenlerche;Vögel;Lerchen;Schwarzsteppenlerche;Melanocorypha yeltoniensis;;;
vogel_stummellerche;Vögel;Lerchen;Stummellerche;Alaudala rufescens;;;
vogel_uferschwalbe;Vögel;Schwalben;Uferschwalbe;Riparia riparia;;;
vogel_rauchschwalbe;Vögel;Schwalben;Rauchschwalbe;Hirundo rustica;;;
vogel_felsenschwalbe;Vögel;Schwalben;Felsenschwalbe;Ptyonoprogne rupestris;;;
vogel_mehlschwalbe;Vögel;Schwalben;Mehlschwalbe;Delichon urbicum;;;
vogel_roetelschwalbe;Vögel;Schwalben;Rötelschwalbe;Cecropis daurica;;;
vogel_seidensaenger;Vögel;Seidensängerverwandte;Seidensänger;Cettia cetti;;;
vogel_schwanzmeise;Vögel;Meisen;Schwanzmeise;aegithalos caudatus;;;
vogel_waldlaubsaenger;Vögel;Laubsänger;Waldlaubsänger;Phylloscopus sibilatrix;;;
vogel_berglaubsaenger;Vögel;Laubsänger;Berglaubsänger;Phylloscopus bonelli;;;
vogel_tienschan-laubsaenger;Vögel;Laubsänger;Tienschan-Laubsänger;Phylloscopus humei;;;
vogel_gelbbrauen-laubsaenger;Vögel;Laubsänger;Gelbbraün-Laubsänger;Phylloscopus inornatus;;;
vogel_goldhaehnchen-laubsaenger;Vögel;Laubsänger;Goldhähnchen-Laubsänger;Phylloscopus proregulus;;;
vogel_bartlaubsaenger;Vögel;Laubsänger;Bartlaubsänger;Phylloscopus schwarzi;;;
vogel_dunkellaubsaenger;Vögel;Laubsänger;Dunkellaubsänger;Phylloscopus fuscatus;;;
vogel_fitis;Vögel;Laubsänger;Fitis;Phylloscopus trochilus;;;
vogel_zilpzalp;Vögel;Laubsänger;Zilpzalp;Phylloscopus collybita;;;
vogel_iberienzilpzalp;Vögel;Laubsänger;Iberienzilpzalp;Phylloscopus ibericus;;;
vogel_kronenlaubsaenger;Vögel;Laubsänger;Kronenlaubsänger;Phylloscopus coronatus;;;
vogel_wacholderlaubsaenger;Vögel;Laubsänger;Wacholderlaubsänger;Phylloscopus nitidus;;;
vogel_middendorff-laubsaenger;Vögel;Laubsänger;Middendorff-Laubsänger;Phylloscopus plumbeitarsus;;;
vogel_gruenlaubsaenger;Vögel;Laubsänger;Grünlaubsänger;Phylloscopus trochiloides;;;
vogel_wanderlaubsaenger;Vögel;Laubsänger;Wanderlaubsänger;Phylloscopus borealis;;;
vogel_drosselrohrsaenger;Vögel;Rohrsängerverwandte;Drosselrohrsänger;Acrocephalus arundinaceus;;;
vogel_mariskenrohrsaenger;Vögel;Rohrsängerverwandte;Mariskenrohrsänger;Acrocephalus melanopogon;;;
vogel_seggenrohrsaenger;Vögel;Rohrsängerverwandte;Seggenrohrsänger;Acrocephalus paludicola;;;
vogel_schilfrohrsaenger;Vögel;Rohrsängerverwandte;Schilfrohrsänger;Acrocephalus schoenobaenus;;;
vogel_feldrohrsaenger;Vögel;Rohrsängerverwandte;Feldrohrsänger;Acrocephalus agricola;;;
vogel_buschrohrsaenger;Vögel;Rohrsängerverwandte;Buschrohrsänger;Acrocephalus dumetorum;;;
vogel_teichrohrsaenger;Vögel;Rohrsängerverwandte;Teichrohrsänger;Acrocephalus scirpaceus;;;
vogel_sumpfrohrsaenger;Vögel;Rohrsängerverwandte;Sumpfrohrsänger;Acrocephalus palustris;;;
vogel_buschspoetter;Vögel;Rohrsängerverwandte;Buschspötter;Iduna caligata;;;
vogel_steppenspoetter;Vögel;Rohrsängerverwandte;Steppenspötter;Iduna rama;;;
vogel_blassspoetter;Vögel;Rohrsängerverwandte;Blassspötter;Iduna pallida;;;
vogel_orpheusspoetter;Vögel;Rohrsängerverwandte;Orpheusspötter;Hippolais polyglotta;;;
vogel_gelbspoetter;Vögel;Rohrsängerverwandte;Gelbspötter;Hippolais icterina;;;
vogel_streifenschwirl;Vögel;Schwirlverwandte;Streifenschwirl;Helopsaltes certhiola;;;
vogel_strichelschwirl;Vögel;Schwirlverwandte;Strichelschwirl;Locustella lanceolata;;;
vogel_feldschwirl;Vögel;Schwirlverwandte;Feldschwirl;Locustella naevia;;;
vogel_schlagschwirl;Vögel;Schwirlverwandte;Schlagschwirl;Locustella fluviatilis;;;
vogel_rohrschwirl;Vögel;Schwirlverwandte;Rohrschwirl;Locustella luscinioides;;;
vogel_zistensaenger;Vögel;Halmsänger;Zistensänger;Cisticola juncidis;;;
vogel_moenchsgrasmuecke;Vögel;Grasmückenverwandte;Mönchsgrasmücke;Sylvia atricapilla;;;
vogel_gartengrasmuecke;Vögel;Grasmückenverwandte;Gartengrasmücke;Sylvia borin;;;
vogel_sperbergrasmuecke;Vögel;Grasmückenverwandte;Sperbergrasmücke;Sylvia nisoria;;;
vogel_klappergrasmuecke;Vögel;Grasmückenverwandte;Klappergrasmücke;Sylvia curruca;;;
vogel_orpheusgrasmuecke;Vögel;Grasmückenverwandte;Orpheusgrasmücke;Sylvia hortensis;;;
vogel_wuestengrasmuecke;Vögel;Grasmückenverwandte;Wüstengrasmücke;Sylvia nana;;;
vogel_dorngrasmuecke;Vögel;Grasmückenverwandte;Dorngrasmücke;Sylvia communis;;;
vogel_provencegrasmuecke;Vögel;Grasmückenverwandte;Provencegrasmücke;Sylvia undata;;;
vogel_brillengrasmuecke;Vögel;Grasmückenverwandte;Brillengrasmücke;Sylvia conspicillata;;;
vogel_weissbart-grasmuecke;Vögel;Grasmückenverwandte;Weißbart-Grasmücke;Sylvia cantillans;;;
vogel_ligurien-bartgrasmuecke;Vögel;Grasmückenverwandte;Ligurien-Bartgrasmücke;Sylvia subalpina;;;
vogel_samtkopf-grasmuecke;Vögel;Grasmückenverwandte;Samtkopf-Grasmücke;Sylvia melanocephala;;;
vogel_sommergoldhaehnchen;Vögel;Goldhähnchen;Sommergoldhähnchen;Regulus ignicapilla;;;
vogel_wintergoldhaehnchen;Vögel;Goldhähnchen;Wintergoldhähnchen;Regulus regulus;;;
vogel_zaunkoenig;Vögel;Zaunkönig;Zaunkönig;Troglodytes troglodytes;;;
vogel_kleiber;Vögel;Kleiber;Kleiber;Sitta europaea;;;
vogel_mauerlaeufer;Vögel;Maürläufer;Maürläufer;Tichodroma muraria;;;
vogel_waldbaumlaeufer;Vögel;Baumläufer;Waldbaumläufer;Certhia familiaris;;;
vogel_gartenbaumlaeufer;Vögel;Baumläufer;Gartenbaumläufer;Certhia brachydactyla;;;
vogel_katzenspottdrossel;Vögel;Spottdrosseln;Katzenspottdrossel;Dumetella carolinensis;;;
vogel_rosenstar;Vögel;Starenverwandte;Rosenstar;Pastor roseus;;;
vogel_star;Vögel;Starenverwandte;Star;Sturnus vulgaris;;;
vogel_schieferdrossel;Vögel;Drosseln;Schieferdrossel;Geokichla sibirica;;;
vogel_erddrossel;Vögel;Drosseln;Erddrossel;Zoothera aurea;;;
vogel_grauwangen-musendrossel;Vögel;Drosseln;Grauwangen-Musendrossel;Catharus minimus;;;
vogel_zwergmusendrossel;Vögel;Drosseln;Zwergmusendrossel;Catharus ustulatus;;;
vogel_einsiedler-musendrossel;Vögel;Drosseln;Einsiedler-Musendrossel;Catharus guttatus;;;
vogel_einfarbdrossel;Vögel;Drosseln;Einfarbdrossel;Turdus unicolor;;;
vogel_ringdrossel;Vögel;Drosseln;Ringdrossel;Turdus torquatus;;;
vogel_amsel;Vögel;Drosseln;Amsel;Turdus merula;;;
vogel_weissbrauendrossel;Vögel;Drosseln;Weißbraündrossel;Turdus obscurus;;;
vogel_schwarzkehldrossel;Vögel;Drosseln;Schwarzkehldrossel;Turdus atrogularis;;;
vogel_rotkehldrossel;Vögel;Drosseln;Rotkehldrossel;Turdus ruficollis;;;
vogel_rostschwanzdrossel;Vögel;Drosseln;Rostschwanzdrossel;Turdus naumanni;;;
vogel_rostfluegeldrossel;Vögel;Drosseln;Rostflügeldrossel;Turdus eunomus;;;
vogel_wacholderdrossel;Vögel;Drosseln;Wacholderdrossel;Turdus pilaris;;;
vogel_rotdrossel;Vögel;Drosseln;Rotdrossel;Turdus iliacus;;;
vogel_singdrossel;Vögel;Drosseln;Singdrossel;Turdus philomelos;;;
vogel_misteldrossel;Vögel;Drosseln;Misteldrossel;Turdus viscivorus;;;
vogel_wanderdrossel;Vögel;Drosseln;Wanderdrossel;Turdus migratorius;;;
vogel_heckensaenger;Vögel;Schnäpperverwandte;Heckensänger;Cercotrichas galactotes;;;
vogel_grauschnaepper;Vögel;Schnäpperverwandte;Grauschnäpper;Muscicapa striata;;;
vogel_rotkehlchen;Vögel;Schnäpperverwandte;Rotkehlchen;Erithacus rubecula;;;
vogel_blaukehlchen;Vögel;Schnäpperverwandte;Blaukehlchen;Luscinia svecica;;;
vogel_sprosser;Vögel;Schnäpperverwandte;Sprosser;Luscinia luscinia;;;
vogel_nachtigall;Vögel;Schnäpperverwandte;Nachtigall;Luscinia megarhynchos;;;
vogel_rubinkehlchen;Vögel;Schnäpperverwandte;Rubinkehlchen;Calliope calliope;;;
vogel_blauschwanz;Vögel;Schnäpperverwandte;Blauschwanz;Tarsiger cyanurus;;;
vogel_trauerschnaepper;Vögel;Schnäpperverwandte;Traürschnäpper;Ficedula hypoleuca;;;
vogel_halsbandschnaepper;Vögel;Schnäpperverwandte;Halsbandschnäpper;Ficedula albicollis;;;
vogel_zwergschnaepper;Vögel;Schnäpperverwandte;Zwergschnäpper;Ficedula parva;;;
vogel_hausrotschwanz;Vögel;Schnäpperverwandte;Hausrotschwanz;Phoenicurus ochruros;;;
vogel_gartenrotschwanz;Vögel;Schnäpperverwandte;Gartenrotschwanz;Phoenicurus phoenicurus;;;
vogel_steinroetel;Vögel;Schnäpperverwandte;Steinrötel;Monticola saxatilis;;;
vogel_blaumerle;Vögel;Schnäpperverwandte;Blaumerle;Monticola solitarius;;;
vogel_braunkehlchen;Vögel;Schnäpperverwandte;Braunkehlchen;Saxicola rubetra;;;
vogel_schwarzkehlchen;Vögel;Schnäpperverwandte;Schwarzkehlchen;Saxicola rubicola;;;
vogel_pallasschwarzkehlchen;Vögel;Schnäpperverwandte;Pallasschwarzkehlchen;Saxicola maurus;;;
vogel_steinschmaetzer;Vögel;Schnäpperverwandte;Steinschmätzer;Oenanthe oenanthe;;;
vogel_isabellsteinschmaetzer;Vögel;Schnäpperverwandte;Isabellsteinschmätzer;Oenanthe isabellina;;;
vogel_wuestensteinschmaetzer;Vögel;Schnäpperverwandte;Wüstensteinschmätzer;Oenanthe deserti;;;
vogel_mittelmeer-steinschmaetzer;Vögel;Schnäpperverwandte;Mittelmeer-Steinschmätzer;Oenanthe hispanica;;;
vogel_zypernsteinschmaetzer;Vögel;Schnäpperverwandte;Zypernsteinschmätzer;Oenanthe cypriaca;;;
vogel_nonnensteinschmaetzer;Vögel;Schnäpperverwandte;Nonnensteinschmätzer;Oenanthe pleschanka;;;
vogel_wasseramsel;Vögel;Wasseramseln;Wasseramsel;Cinclus cinclus;;;
vogel_haussperling;Vögel;Sperlinge;Haussperling;Passer domesticus;;;
vogel_feldsperling;Vögel;Sperlinge;Feldsperling;Passer montanus;;;
vogel_steinsperling;Vögel;Sperlinge;Steinsperling;Petronia petronia;;;
vogel_schneesperling;Vögel;Sperlinge;Schneesperling;Montifringilla nivalis;;;
vogel_alpenbraunelle;Vögel;Braunellen;Alpenbraunelle;Prunella collaris;;;
vogel_bergbraunelle;Vögel;Braunellen;Bergbraunelle;Prunella montanella;;;
vogel_schwarzkehlbraunelle;Vögel;Braunellen;Schwarzkehlbraunelle;Prunella atrogularis;;;
vogel_heckenbraunelle;Vögel;Braunellen;Heckenbraunelle;Prunella modularis;;;
vogel_schafstelze;Vögel;Stelzenverwandte;Schafstelze;Motacilla flava;;;
vogel_zitronenstelze;Vögel;Stelzenverwandte;Zitronenstelze;Motacilla citreola;;;
vogel_gebirgsstelze;Vögel;Stelzenverwandte;Gebirgsstelze;Motacilla cinerea;;;
vogel_bachstelze;Vögel;Stelzenverwandte;Bachstelze;Motacilla alba;;;
vogel_spornpieper;Vögel;Stelzenverwandte;Spornpieper;Anthus richardi;;;
vogel_steppenpieper;Vögel;Stelzenverwandte;Steppenpieper;Anthus godlewskii;;;
vogel_brachpieper;Vögel;Stelzenverwandte;Brachpieper;Anthus campestris;;;
vogel_wiesenpieper;Vögel;Stelzenverwandte;Wiesenpieper;Anthus pratensis;;;
vogel_baumpieper;Vögel;Stelzenverwandte;Baumpieper;Anthus trivialis;;;
vogel_waldpieper;Vögel;Stelzenverwandte;Waldpieper;Anthus hodgsoni;;;
vogel_petschorapieper;Vögel;Stelzenverwandte;Petschorapieper;Anthus gustavi;;;
vogel_rotkehlpieper;Vögel;Stelzenverwandte;Rotkehlpieper;Anthus cervinus;;;
vogel_pazifikpieper;Vögel;Stelzenverwandte;Pazifikpieper;Anthus rubescens;;;
vogel_bergpieper;Vögel;Stelzenverwandte;Bergpieper;Anthus spinoletta;;;
vogel_strandpieper;Vögel;Stelzenverwandte;Strandpieper;Anthus petrosus;;;
vogel_buchfink;Vögel;Finkenverwandte;Buchfink;Fringilla coelebs;;;
vogel_bergfink;Vögel;Finkenverwandte;Bergfink;Fringilla montifringilla;;;
vogel_kernbeisser;Vögel;Finkenverwandte;Kernbeißer;Coccothraustes coccothraustes;;;
vogel_hakengimpel;Vögel;Finkenverwandte;Hakengimpel;Pinicola enucleator;;;
vogel_gimpel;Vögel;Finkenverwandte;Gimpel;Pyrrhula pyrrhula;;;
vogel_wuestengimpel;Vögel;Finkenverwandte;Wüstengimpel;Bucanetes githagineus;;;
vogel_karmingimpel;Vögel;Finkenverwandte;Karmingimpel;Carpodacus erythrinus;;;
vogel_gruenfink;Vögel;Finkenverwandte;Grünfink;Chloris chloris;;;
vogel_berghaenfling;Vögel;Finkenverwandte;Berghänfling;Linaria flavirostris;;;
vogel_bluthaenfling;Vögel;Finkenverwandte;Bluthänfling;Linaria cannabina;;;
vogel_taigabirkenzeisig;Vögel;Finkenverwandte;Taigabirkenzeisig;Acanthis flammea;;;
vogel_alpenbirkenzeisig;Vögel;Finkenverwandte;Alpenbirkenzeisig;Acanthis cabaret;;;
vogel_polarbirkenzeisig;Vögel;Finkenverwandte;Polarbirkenzeisig;Acanthis hornemanni;;;
vogel_kiefernkreuzschnabel;Vögel;Finkenverwandte;Kiefernkreuzschnabel;Loxia pytyopsittacus;;;
vogel_fichtenkreuzschnabel;Vögel;Finkenverwandte;Fichtenkreuzschnabel;Loxia curvirostra;;;
vogel_bindenkreuzschnabel;Vögel;Finkenverwandte;Bindenkreuzschnabel;Loxia leucoptera;;;
vogel_stieglitz;Vögel;Finkenverwandte;Stieglitz;Carduelis carduelis;;;
vogel_zitronenzeisig;Vögel;Finkenverwandte;Zitronenzeisig;Carduelis citrinella;;;
vogel_girlitz;Vögel;Finkenverwandte;Girlitz;Serinus serinus;;;
vogel_erlenzeisig;Vögel;Finkenverwandte;Erlenzeisig;Spinus spinus;;;
vogel_spornammer;Vögel;Ammern;Spornammer;Calcarius lapponicus;;;
vogel_schneeammer;Vögel;Ammern;Schneeammer;Plectrophenax nivalis;;;
vogel_grauammer;Vögel;Ammern;Grauammer;Emberiza calandra;;;
vogel_goldammer;Vögel;Ammern;Goldammer;Emberiza citrinella;;;
vogel_fichtenammer;Vögel;Ammern;Fichtenammer;Emberiza leucocephalos;;;
vogel_zippammer;Vögel;Ammern;Zippammer;Emberiza cia;;;
vogel_steinortolan;Vögel;Ammern;Steinortolan;Emberiza buchanani;;;
vogel_tuerkenammer;Vögel;Ammern;Türkenammer;Emberiza cineracea;;;
vogel_ortolan;Vögel;Ammern;Ortolan;Emberiza hortulana;;;
vogel_grauortolan;Vögel;Ammern;Grauortolan;Emberiza caesia;;;
vogel_zaunammer;Vögel;Ammern;Zaunammer;Emberiza cirlus;;;
vogel_zwergammer;Vögel;Ammern;Zwergammer;Emberiza pusilla;;;
vogel_waldammer;Vögel;Ammern;Waldammer;Emberiza rustica;;;
vogel_weidenammer;Vögel;Ammern;Weidenammer;Emberiza aureola;;;
vogel_kappenammer;Vögel;Ammern;Kappenammer;Emberiza melanocephala;;;
vogel_braunkopfammer;Vögel;Ammern;Braunkopfammer;Emberiza bruniceps;;;
vogel_maskenammer;Vögel;Ammern;Maskenammer;Emberiza spodocephala;;;
vogel_rohrammer;Vögel;Ammern;Rohrammer;Emberiza schoeniclus;;;
vogel_meisenwaldsaenger;Vögel;Waldsänger;Meisenwaldsänger;Setophaga americana;;;
vogel_gruenmantel-waldsaenger;Vögel;Waldsänger;Grünmantel-Waldsänger;Setophaga virens;;;
saeugetier_mensch;Säugetiere;Menschenaffen;Mensch;Homo sapiens;;Bundesweit;
saeugetier_westigel;Säugetiere;Igelverwandte;Westigel;Erinaceus europaeus;;;
saeugetier_noerdlicher_weissbrustigel;Säugetiere;Igelverwandte;Nördlicher Weissbrustigel;Erinaceus roumanicus;;;
saeugetier_europaeischer_maulwurf;Säugetiere;Maulwürfe;Europäischer Maulwurf;Talpa europaea;;;
saeugetier_gartenspitzmaus;Säugetiere;Spitzmäuse;Gartenspitzmaus;Crocidura russula;;;
saeugetier_feldspitzmaus;Säugetiere;Spitzmäuse;Feldspitzmaus;Crocidura leucodon;;;
saeugetier_hausspitzmaus;Säugetiere;Spitzmäuse;Hausspitzmaus;Crocidura suaveolens;;;
saeugetier_waldspitzmaus;Säugetiere;Spitzmäuse;Waldspitzmaus;Sorex araneus;;;
saeugetier_schabrackenspitzmaus;Säugetiere;Spitzmäuse;Schabrackenspitzmaus;Sorex coronatus;;;
saeugetier_zwergspitzmaus;Säugetiere;Spitzmäuse;Zwergspitzmaus;Sorex minutus;;;
saeugetier_alpenspitzmaus;Säugetiere;Spitzmäuse;Alpenspitzmaus;Sorex alpinus;;;
saeugetier_wasserspitzmaus;Säugetiere;Spitzmäuse;Wasserspitzmaus;Neomys fodiens;;;
saeugetier_sumpfspitzmaus;Säugetiere;Spitzmäuse;Sumpfspitzmaus;Neomys anomalus;;;
saeugetier_grosse_hufeisennase;Säugetiere;Fledermäuse;Grosse Hufeisennase;Rhinolophus ferrumequinum;;;
saeugetier_kleine_hufeisennase;Säugetiere;Fledermäuse;Kleine Hufeisennase;Rhinolophus hipposideros;;;
saeugetier_langfluegelfledermaus;Säugetiere;Fledermäuse;Langflügelfledermaus;Miniopterus schreibersii;;;
saeugetier_grosses_mausohr;Säugetiere;Fledermäuse;Grosses Mausohr;Myotis myotis;;;
saeugetier_kleines_mausohr;Säugetiere;Fledermäuse;Kleines Mausohr;Myotis blythii;;;
saeugetier_wimperfledermaus;Säugetiere;Fledermäuse;Wimperfledermaus;Myotis emarginatus;;;
saeugetier_bechsteinfledermaus;Säugetiere;Fledermäuse;Bechsteinfledermaus;Myotis bechsteinii;;;
saeugetier_fransenfledermaus;Säugetiere;Fledermäuse;Fransenfledermaus;Myotis nattereri;;;
saeugetier_brandtfledermaus;Säugetiere;Fledermäuse;Brandtfledermaus;Myotis brandtii;;;
saeugetier_kleine_bartfledermaus;Säugetiere;Fledermäuse;Kleine Bartfledermaus;Myotis mystacinus;;;
saeugetier_nymphenfledermaus;Säugetiere;Fledermäuse;Nymphenfledermaus;Myotis alcathoe;;;
saeugetier_wasserfledermaus;Säugetiere;Fledermäuse;Wasserfledermaus;Myotis daubentonii;;;
saeugetier_teichfledermaus;Säugetiere;Fledermäuse;Teichfledermaus;Myotis dasycneme;;;
saeugetier_mopsfledermaus;Säugetiere;Fledermäuse;Mopsfledermaus;Barbastella barbastellus;;;
saeugetier_nordfledermaus;Säugetiere;Fledermäuse;Nordfledermaus;Eptesicus nilssonii;;;
saeugetier_breitfluegelfledermaus;Säugetiere;Fledermäuse;Breitflügelfledermaus;Eptesicus serotinus;;;
saeugetier_zweifarbfledermaus;Säugetiere;Fledermäuse;Zweifarbfledermaus;Vespertilio murinus;;;
saeugetier_alpenfledermaus;Säugetiere;Fledermäuse;Alpenfledermaus;Hypsugo savii;;;
saeugetier_weissrandfledermaus;Säugetiere;Fledermäuse;Weissrandfledermaus;Pipistrellus kuhlii;;;
saeugetier_zwergfledermaus;Säugetiere;Fledermäuse;Zwergfledermaus;Pipistrellus pipistrellus;;;
saeugetier_mueckenfledermaus;Säugetiere;Fledermäuse;Mückenfledermaus;Pipistrellus pygmaeus;;;
saeugetier_rauhautfledermaus;Säugetiere;Fledermäuse;Rauhautfledermaus;Pipistrellus nathusii;;;
saeugetier_abendsegler;Säugetiere;Fledermäuse;Abendsegler;Nyctalus noctula;;;
saeugetier_kleinabendsegler;Säugetiere;Fledermäuse;Kleinabendsegler;Nyctalus leisleri;;;
saeugetier_riesenabendsegler;Säugetiere;Fledermäuse;Riesenabendsegler;Nyctalus lasiopterus;;;
saeugetier_braunes_langohr;Säugetiere;Fledermäuse;Braunes Langohr;Plecotus auritus;;;
saeugetier_graues_langohr;Säugetiere;Fledermäuse;Graüs Langohr;Plecotus austriacus;;;
saeugetier_feldhase;Säugetiere;Hasenartige;Feldhase;Lepus europaeus;;;
saeugetier_schneehase;Säugetiere;Hasenartige;Schneehase;Lepus timidus;;;
saeugetier_wildkaninchen;Säugetiere;Hasenartige;Wildkaninchen;Oryctolagus cuniculus;;;
saeugetier_eichhoernchen;Säugetiere;Hörnchenverwandte;Eichhörnchen;Sciurus vulgaris;;;
saeugetier_sibirisches_streifenhoernchen;Säugetiere;Hörnchenverwandte;Sibirisches Streifenhörnchen;Tamias sibiricus;;;
saeugetier_alpenmurmeltier;Säugetiere;Hörnchenverwandte;Alpenmurmeltier;Marmota marmota;;;
saeugetier_europaeischer_biber;Säugetiere;Biberverwandte;Europäischer Biber;Castor fiber;;;
saeugetier_bisamratte;Säugetiere;Biberverwandte;Bisamratte;Ondatra zibethicus;;;
saeugetier_nutria;Säugetiere;Biberverwandte;Nutria;Myocastor coypus;;;
saeugetier_siebenschlaefer;Säugetiere;Schlafmäuse;Siebenschläfer;Glis glis;;;
saeugetier_gartenschlaefer;Säugetiere;Schlafmäuse;Gartenschläfer;Eliomys quercinus;;;
saeugetier_haselmaus;Säugetiere;Schlafmäuse;Haselmaus;Muscardinus avellanarius;;;
saeugetier_baumschlaefer;Säugetiere;Schlafmäuse;Baumschläfer;Dryomys nitedula;;;
saeugetier_brandmaus;Säugetiere;Mäuseverwandte;Brandmaus;Apodemus agrarius;;;
saeugetier_gelbhalsmaus;Säugetiere;Mäuseverwandte;Gelbhalsmaus;Apodemus flavicollis;;;
saeugetier_waldmaus;Säugetiere;Mäuseverwandte;Waldmaus;Apodemus sylvaticus;;;
saeugetier_zwergmaus;Säugetiere;Mäuseverwandte;Zwergmaus;Micromys minutus;;;
saeugetier_hausmaus;Säugetiere;Mäuseverwandte;Hausmaus;Mus musculus;;;
saeugetier_hausratte;Säugetiere;Mäuseverwandte;Hausratte;Rattus rattus;;;
saeugetier_wanderratte;Säugetiere;Mäuseverwandte;Wanderratte;Rattus norvegicus;;;
saeugetier_feldhamster;Säugetiere;Hamsterverwandte;Feldhamster;Cricetus cricetus;;;
saeugetier_roetelmaus;Säugetiere;Wühlmäuse;Rötelmaus;Myodes glareolus;;;
saeugetier_feldmaus;Säugetiere;Wühlmäuse;Feldmaus;Microtus arvalis;;;
saeugetier_erdmaus;Säugetiere;Wühlmäuse;Erdmaus;Microtus agrestis;;;
saeugetier_nordische_wuehlmaus;Säugetiere;Wühlmäuse;Nordische Wühlmaus;Microtus oeconomus;;;
saeugetier_kurzohrmaus;Säugetiere;Wühlmäuse;Kurzohrmaus;Microtus subterraneus;;;
saeugetier_bayerische_kurzohrmaus;Säugetiere;Wühlmäuse;Bayerische Kurzohrmaus;Microtus bavaricus;;;
saeugetier_schneemaus;Säugetiere;Wühlmäuse;Schneemaus;Chionomys nivalis;;;
saeugetier_ostschermaus;Säugetiere;Wühlmäuse;Ostschermaus;Arvicola amphibius;;;
saeugetier_gebirgsschermaus;Säugetiere;Wühlmäuse;Gebirgsschermaus;Arvicola scherman;;;
saeugetier_wolf;Säugetiere;Hundeartige;Wolf;Canis lupus;;;
saeugetier_rotfuchs;Säugetiere;Hundeartige;Rotfuchs;Vulpes vulpes;;;
saeugetier_goldschakal;Säugetiere;Hundeartige;Goldschakal;Canis aureus;;;
saeugetier_marderhund;Säugetiere;Hundeartige;Marderhund;Nyctereutes procyonoides;;;
saeugetier_waschbaer;Säugetiere;Waschbären;Waschbär;Procyon lotor;;;
saeugetier_braunbaer;Säugetiere;Bären;Braunbär;Ursus arctos;;;
saeugetier_dachs;Säugetiere;Marderverwandte;Dachs;Meles meles;;;
saeugetier_steinmarder;Säugetiere;Marderverwandte;Steinmarder;Martes foina;;;
saeugetier_baummarder;Säugetiere;Marderverwandte;Baummarder;Martes martes;;;
saeugetier_iltis;Säugetiere;Marderverwandte;Iltis;Mustela putorius;;;
saeugetier_europaeischer_nerz;Säugetiere;Marderverwandte;Europäischer Nerz;Mustela lutreola;;;
saeugetier_amerikanischer_nerz;Säugetiere;Marderverwandte;Amerikanischer Nerz;Neogale vison;;;
saeugetier_hermelin;Säugetiere;Marderverwandte;Hermelin;Mustela erminea;;;
saeugetier_mauswiesel;Säugetiere;Marderverwandte;Mauswiesel;Mustela nivalis;;;
saeugetier_fischotter;Säugetiere;Marderverwandte;Fischotter;Lutra lutra;;;
saeugetier_wildkatze;Säugetiere;Katzenartige;Wildkatze;Felis silvestris;;;
saeugetier_hauskatze;Säugetiere;Katzenartige;Hauskatze;Felis catus;;;
saeugetier_luchs;Säugetiere;Katzenartige;Luchs;Lynx lynx;;;
saeugetier_seehund;Säugetiere;Robben;Seehund;Phoca vitulina;;;
saeugetier_kegelrobbe;Säugetiere;Robben;Kegelrobbe;Halichoerus grypus;;;
saeugetier_ringelrobbe;Säugetiere;Robben;Ringelrobbe;Pusa hispida;;;
saeugetier_schweinswal;Säugetiere;Wale und Delfine;Schweinswal;Phocoena phocoena;;;
saeugetier_grosser_tuemmler;Säugetiere;Wale und Delfine;Grosser Tümmler;Tursiops truncatus;;;
saeugetier_gemeiner_delfin;Säugetiere;Wale und Delfine;Gemeiner Delfin;Delphinus delphis;;;
saeugetier_weissschnauzendelfin;Säugetiere;Wale und Delfine;Weissschnauzendelfin;Lagenorhynchus albirostris;;;
saeugetier_weissseitendelfin;Säugetiere;Wale und Delfine;Weissseitendelfin;Lagenorhynchus acutus;;;
saeugetier_risso_delfin;Säugetiere;Wale und Delfine;Risso-Delfin;Grampus griseus;;;
saeugetier_streifendelfin;Säugetiere;Wale und Delfine;Streifendelfin;Stenella coeruleoalba;;;
saeugetier_rundkopfdelfin;Säugetiere;Wale und Delfine;Rundkopfdelfin;Globicephala melas;;;
saeugetier_orca;Säugetiere;Wale und Delfine;Orca;Orcinus orca;;;
saeugetier_zwergwal;Säugetiere;Wale und Delfine;Zwergwal;Balaenoptera acutorostrata;;;
saeugetier_finnwal;Säugetiere;Wale und Delfine;Finnwal;Balaenoptera physalus;;;
saeugetier_buckelwal;Säugetiere;Wale und Delfine;Buckelwal;Megaptera novaeangliae;;;
saeugetier_pottwal;Säugetiere;Wale und Delfine;Pottwal;Physeter macrocephalus;;;
saeugetier_cuvier_schnabelwal;Säugetiere;Wale und Delfine;Cuvier-Schnabelwal;Ziphius cavirostris;;;
saeugetier_nordlicher_entenwal;Säugetiere;Wale und Delfine;Nördlicher Entenwal;Hyperoodon ampullatus;;;
saeugetier_reh;Säugetiere;Paarhufer;Reh;Capreolus capreolus;;;
saeugetier_rothirsch;Säugetiere;Paarhufer;Rothirsch;Cervus elaphus;;;
saeugetier_damhirsch;Säugetiere;Paarhufer;Damhirsch;Dama dama;;;
saeugetier_sikahirsch;Säugetiere;Paarhufer;Sikahirsch;Cervus nippon;;;
saeugetier_elch;Säugetiere;Paarhufer;Elch;Alces alces;;;
saeugetier_mufflon;Säugetiere;Paarhufer;Mufflon;Ovis gmelini musimon;;;
saeugetier_gaemse;Säugetiere;Paarhufer;Gämse;Rupicapra rupicapra;;;
saeugetier_alpensteinbock;Säugetiere;Paarhufer;Alpensteinbock;Capra ibex;;;
saeugetier_wisent;Säugetiere;Paarhufer;Wisent;Bison bonasus;;;
saeugetier_wildschwein;Säugetiere;Paarhufer;Wildschwein;Sus scrofa;;;
fisch_blei;Fische;Süsswasserfische und Neunaugen;Blei;Abramis brama;;;
fisch_schneider;Fische;Süsswasserfische und Neunaugen;Schneider;Alburnoides bipunctatus;;;
fisch_ukelei;Fische;Süsswasserfische und Neunaugen;Ukelei;Alburnus alburnus;;;
fisch_seelaube;Fische;Süsswasserfische und Neunaugen;Seelaube;Alburnus mento;;;
fisch_maifisch;Fische;Süsswasserfische und Neunaugen;Maifisch;Alosa alosa;;;
fisch_schwarzer_katzenwels;Fische;Süsswasserfische und Neunaugen;Schwarzer Katzenwels;Ameiurus melas;;;
fisch_brauner_katzenwels;Fische;Süsswasserfische und Neunaugen;Brauner Katzenwels;Ameiurus nebulosus;;;
fisch_nackthalsgrundel;Fische;Süsswasserfische und Neunaugen;Nackthalsgrundel;Babka gymnotrachelus;;;
fisch_zope;Fische;Süsswasserfische und Neunaugen;Zope;Ballerus ballerus;;;
fisch_zobel;Fische;Süsswasserfische und Neunaugen;Zobel;Ballerus sapa;;;
fisch_bachschmerle;Fische;Süsswasserfische und Neunaugen;Bachschmerle;Barbatula barbatula;;;
fisch_barbe;Fische;Süsswasserfische und Neunaugen;Barbe;Barbus barbus;;;
fisch_guester;Fische;Süsswasserfische und Neunaugen;Güster;Blicca bjoerkna;;;
fisch_goldfisch_komplex;Fische;Süsswasserfische und Neunaugen;Goldfisch-Komplex;Carassius auratus-Komplex;;;
fisch_goldfisch;Fische;Süsswasserfische und Neunaugen;Goldfisch;Carassius auratus;;;
fisch_kleine_maraene;Fische;Süsswasserfische und Neunaugen;Kleine Maräne;Coregonus albula;;;
fisch_sandfelchen;Fische;Süsswasserfische und Neunaugen;Sandfelchen;Coregonus arenicolus;;;
fisch_ammersee_kilch;Fische;Süsswasserfische und Neunaugen;Ammersee-Kilch;Coregonus bavaricus;;;
fisch_fontane_maraene;Fische;Süsswasserfische und Neunaugen;Fontane-Maräne;Coregonus fontanae;;;
fisch_bodensee_kilch;Fische;Süsswasserfische und Neunaugen;Bodensee-Kilch;Coregonus gutturosus;;;
fisch_chiemsee_renke;Fische;Süsswasserfische und Neunaugen;Chiemsee-Renke;Coregonus hoferi;;;
fisch_schaalsee_maraene;Fische;Süsswasserfische und Neunaugen;Schaalsee-Maräne;Coregonus holsatus;;;
fisch_luzin_maraene;Fische;Süsswasserfische und Neunaugen;Luzin-Maräne;Coregonus lucinensis;;;
fisch_gangfisch;Fische;Süsswasserfische und Neunaugen;Gangfisch;Coregonus macrophthalmus;;;
fisch_ostsee_schnaepel;Fische;Süsswasserfische und Neunaugen;Ostsee-Schnäpel;Coregonus maraena;;;
fisch_giebel;Fische;Süsswasserfische und Neunaugen;Giebel;Carassius gibelio;;;
fisch_ginbuna;Fische;Süsswasserfische und Neunaugen;Ginbuna;Carassius langsdorfii;;;
fisch_karausche;Fische;Süsswasserfische und Neunaugen;Karausche;Carassius carassius;;;
fisch_nase;Fische;Süsswasserfische und Neunaugen;Nase;Chondrostoma nasus;;;
fisch_italienischer_steinbeisser;Fische;Süsswasserfische und Neunaugen;Italienischer Steinbeisser;Cobitis bilineata;;;
fisch_donau_steinbeisser;Fische;Süsswasserfische und Neunaugen;Donau-Steinbeisser;Cobitis elongatoides;;;
fisch_steinbeisser;Fische;Süsswasserfische und Neunaugen;Steinbeisser;Cobitis taenia;;;
fisch_peipus_maraene;Fische;Süsswasserfische und Neunaugen;Peipus-Maräne;Coregonus maraenoides;;;
fisch_nordsee_schnaepel;Fische;Süsswasserfische und Neunaugen;Nordsee-Schnäpel;Coregonus oxyrinchus;;;
fisch_peled_maraene;Fische;Süsswasserfische und Neunaugen;Peled-Maräne;Coregonus peled;;;
fisch_starnberger_renke;Fische;Süsswasserfische und Neunaugen;Starnberger Renke;Coregonus renke;;;
fisch_blaufelchen;Fische;Süsswasserfische und Neunaugen;Blaufelchen;Coregonus wartmanni;;;
fisch_buckelmaraene;Fische;Süsswasserfische und Neunaugen;Buckelmaräne;Coregonus widegreni;;;
fisch_koppe;Fische;Süsswasserfische und Neunaugen;Koppe;Cottus gobio;;;
fisch_baltische_koppe;Fische;Süsswasserfische und Neunaugen;Baltische Koppe;Cottus microstomus;;;
fisch_stachel_koppe;Fische;Süsswasserfische und Neunaugen;Stachel-Koppe;Cottus perifretum;;;
fisch_buntflossen_koppe;Fische;Süsswasserfische und Neunaugen;Buntflossen-Koppe;Cottus poecilopus;;;
fisch_rhein_koppe;Fische;Süsswasserfische und Neunaugen;Rhein-Koppe;Cottus rhenanus;;;
fisch_graskarpfen;Fische;Süsswasserfische und Neunaugen;Graskarpfen;Ctenopharyngodon idella;;;
fisch_karpfen;Fische;Süsswasserfische und Neunaugen;Karpfen;Cyprinus carpio;;;
fisch_hecht;Fische;Süsswasserfische und Neunaugen;Hecht;Esox lucius;;;
fisch_donau_bachneunauge;Fische;Süsswasserfische und Neunaugen;Donau-Bachneunauge;Eudontomyzon vladykovi;;;
fisch_dreistachliger_stichling;Fische;Süsswasserfische und Neunaugen;Dreistachliger Stichling;Gasterosteus aculeatus;;;
fisch_gruendling;Fische;Süsswasserfische und Neunaugen;Gründling;Gobio gobio;;;
fisch_ammersee_kaulbarsch;Fische;Süsswasserfische und Neunaugen;Ammersee-Kaulbarsch;Gymnocephalus ambriaelacus;;;
fisch_donau_kaulbarsch;Fische;Süsswasserfische und Neunaugen;Donau-Kaulbarsch;Gymnocephalus baloni;;;
fisch_kaulbarsch;Fische;Süsswasserfische und Neunaugen;Kaulbarsch;Gymnocephalus cernua;;;
fisch_schraetzer;Fische;Süsswasserfische und Neunaugen;Schrätzer;Gymnocephalus schraetser;;;
fisch_huchen;Fische;Süsswasserfische und Neunaugen;Huchen;Hucho hucho;;;
fisch_hausen;Fische;Süsswasserfische und Neunaugen;Hausen;Huso huso;;;
fisch_silberkarpfen;Fische;Süsswasserfische und Neunaugen;Silberkarpfen;Hypophthalmichthys molitrix;;;
fisch_marmorkarpfen;Fische;Süsswasserfische und Neunaugen;Marmorkarpfen;Hypophthalmichthys nobilis;;;
fisch_kaukasische_zwerggrundel;Fische;Süsswasserfische und Neunaugen;Kaukasische Zwerggrundel;Knipowitschia caucasica;;;
fisch_flussneunauge;Fische;Süsswasserfische und Neunaugen;Flussneunauge;Lampetra fluviatilis;;;
fisch_bachneunauge;Fische;Süsswasserfische und Neunaugen;Bachneunauge;Lampetra planeri;;;
fisch_sonnenbarsch;Fische;Süsswasserfische und Neunaugen;Sonnenbarsch;Lepomis gibbosus;;;
fisch_moderlieschen;Fische;Süsswasserfische und Neunaugen;Moderlieschen;Leucaspius delineatus;;;
fisch_rapfen;Fische;Süsswasserfische und Neunaugen;Rapfen;Leuciscus aspius;;;
fisch_aland;Fische;Süsswasserfische und Neunaugen;Aland;Leuciscus idus;;;
fisch_hasel;Fische;Süsswasserfische und Neunaugen;Hasel;Leuciscus leuciscus;;;
fisch_quappe;Fische;Süsswasserfische und Neunaugen;Quappe;Lota lota;;;
fisch_forellenbarsch;Fische;Süsswasserfische und Neunaugen;Forellenbarsch;Micropterus salmoides;;;
fisch_schlammpeitzger;Fische;Süsswasserfische und Neunaugen;Schlammpeitzger;Misgurnus fossilis;;;
fisch_flussgrundel;Fische;Süsswasserfische und Neunaugen;Flussgrundel;Neogobius fluviatilis;;;
fisch_schwarzmundgrundel;Fische;Süsswasserfische und Neunaugen;Schwarzmundgrundel;Neogobius melanostomus;;;
fisch_regenbogenforelle;Fische;Süsswasserfische und Neunaugen;Regenbogenforelle;Oncorhynchus mykiss;;;
fisch_stint;Fische;Süsswasserfische und Neunaugen;Stint;Osmerus eperlanus;;;
fisch_dicker_schlammpeitzger;Fische;Süsswasserfische und Neunaugen;Dicker Schlammpeitzger;Paramisgurnus dabryanus;;;
fisch_ziege;Fische;Süsswasserfische und Neunaugen;Ziege;Pelecus cultratus;;;
fisch_flussbarsch;Fische;Süsswasserfische und Neunaugen;Flussbarsch;Perca fluviatilis;;;
fisch_amurgrundel;Fische;Süsswasserfische und Neunaugen;Amurgrundel;Perccottus glenii;;;
fisch_meerneunauge;Fische;Süsswasserfische und Neunaugen;Meerneunauge;Petromyzon marinus;;;
fisch_donau_elritze;Fische;Süsswasserfische und Neunaugen;Donau-Elritze;Phoxinus csikii;;;
fisch_baltische_elritze;Fische;Süsswasserfische und Neunaugen;Baltische Elritze;Phoxinus marsilii;;;
fisch_mitteldeutsche_elritze;Fische;Süsswasserfische und Neunaugen;Mitteldeutsche Elritze;Phoxinus morella;;;
fisch_fettkopf_elritze;Fische;Süsswasserfische und Neunaugen;Fettkopf-Elritze;Pimephales promelas;;;
fisch_kessler_grundel;Fische;Süsswasserfische und Neunaugen;Kessler-Grundel;Ponticola kessleri;;;
fisch_nasengrundel;Fische;Süsswasserfische und Neunaugen;Nasengrundel;Proterorhinus semilunaris;;;
fisch_blaubandbaerbling;Fische;Süsswasserfische und Neunaugen;Blaubandbärbling;Pseudorasbora parva;;;
fisch_neunstachliger_stichling;Fische;Süsswasserfische und Neunaugen;Neunstachliger Stichling;Pungitius pungitius;;;
fisch_bitterling;Fische;Süsswasserfische und Neunaugen;Bitterling;Rhodeus amarus;;;
fisch_noerdlicher_stromgruendling;Fische;Süsswasserfische und Neunaugen;Nördlicher Stromgründling;Romanogobio belingi;;;
fisch_steingressling;Fische;Süsswasserfische und Neunaugen;Steingressling;Romanogobio uranoscopus;;;
fisch_donau_stromgruendling;Fische;Süsswasserfische und Neunaugen;Donau-Stromgründling;Romanogobio vladykovi;;;
fisch_perlfisch;Fische;Süsswasserfische und Neunaugen;Perlfisch;Rutilus meidingeri;;;
fisch_ploetze;Fische;Süsswasserfische und Neunaugen;Plötze;Rutilus rutilus;;;
fisch_frauennerfling;Fische;Süsswasserfische und Neunaugen;Fraünnerfling;Rutilus virgo;;;
fisch_donau_goldsteinbeisser;Fische;Süsswasserfische und Neunaugen;Donau-Goldsteinbeisser;Sabanejewia balcanica;;;
fisch_baltischer_goldsteinbeisser;Fische;Süsswasserfische und Neunaugen;Baltischer Goldsteinbeisser;Sabanejewia baltica;;;
fisch_lachs;Fische;Süsswasserfische und Neunaugen;Lachs;Salmo salar;;;
fisch_forelle;Fische;Süsswasserfische und Neunaugen;Forelle;Salmo trutta;;;
fisch_ammersee_saibling;Fische;Süsswasserfische und Neunaugen;Ammersee-Saibling;Salvelinus evasus;;;
fisch_bachsaibling;Fische;Süsswasserfische und Neunaugen;Bachsaibling;Salvelinus fontinalis;;;
fisch_tiefseesaibling;Fische;Süsswasserfische und Neunaugen;Tiefseesaibling;Salvelinus profundus;;;
fisch_alpensaibling;Fische;Süsswasserfische und Neunaugen;Alpensaibling;Salvelinus umbla;;;
fisch_zander;Fische;Süsswasserfische und Neunaugen;Zander;Sander lucioperca;;;
fisch_wolga_zander;Fische;Süsswasserfische und Neunaugen;Wolga-Zander;Sander volgensis;;;
fisch_rotfeder;Fische;Süsswasserfische und Neunaugen;Rotfeder;Scardinius erythrophthalmus;;;
fisch_wels;Fische;Süsswasserfische und Neunaugen;Wels;Silurus glanis;;;
fisch_doebel;Fische;Süsswasserfische und Neunaugen;Döbel;Squalius cephalus;;;
fisch_gelber_drachenwels;Fische;Süsswasserfische und Neunaugen;Gelber Drachenwels;Tachysurus sinensis;;;
fisch_stroemer;Fische;Süsswasserfische und Neunaugen;Strömer;Telestes souffia;;;
fisch_aesche;Fische;Süsswasserfische und Neunaugen;äsche;Thymallus thymallus;;;
fisch_schleie;Fische;Süsswasserfische und Neunaugen;Schleie;Tinca tinca;;;
fisch_zaehrte;Fische;Süsswasserfische und Neunaugen;Zährte;Vimba vimba;;;
fisch_streber;Fische;Süsswasserfische und Neunaugen;Streber;Zingel streber;;;
fisch_zingel;Fische;Süsswasserfische und Neunaugen;Zingel;Zingel zingel;;;
fisch_blondrochen;Fische;Meeresfische und Neunaugen;Blondrochen;Raja brachyura;;;
fisch_dornhai;Fische;Meeresfische und Neunaugen;Dornhai;Squalus acanthias;;;
fisch_fleckrochen;Fische;Meeresfische und Neunaugen;Fleckrochen;Raja montagui;;;
fisch_fuchshai;Fische;Meeresfische und Neunaugen;Fuchshai;Alopias vulpinus;;;
fisch_gewoehnlicher_glattrochen;Fische;Meeresfische und Neunaugen;Gewöhnlicher Glattrochen;Dipturus batis;;;
fisch_grosser_glattrochen;Fische;Meeresfische und Neunaugen;Grosser Glattrochen;Dipturus intermedius;;;
fisch_grossgefleckter_katzenhai;Fische;Meeresfische und Neunaugen;Grossgefleckter Katzenhai;Scyliorhinus stellaris;;;
fisch_heringshai;Fische;Meeresfische und Neunaugen;Heringshai;Lamna nasus;;;
fisch_hundshai;Fische;Meeresfische und Neunaugen;Hundshai;Galeorhinus galeus;;;
fisch_kleingefleckter_katzenhai;Fische;Meeresfische und Neunaugen;Kleingefleckter Katzenhai;Scyliorhinus canicula;;;
fisch_kuckucksrochen;Fische;Meeresfische und Neunaugen;Kuckucksrochen;Leucoraja naevus;;;
fisch_nagelrochen;Fische;Meeresfische und Neunaugen;Nagelrochen;Raja clavata;;;
fisch_riesenhai;Fische;Meeresfische und Neunaugen;Riesenhai;Cetorhinus maximus;;;
fisch_stechrochen;Fische;Meeresfische und Neunaugen;Stechrochen;Dasyatis pastinaca;;;
fisch_sternrochen;Fische;Meeresfische und Neunaugen;Sternrochen;Amblyraja radiata;;;
fisch_weissgefleckter_glatthai;Fische;Meeresfische und Neunaugen;Weissgefleckter Glatthai;Mustelus asterias;;;
fisch_aalmutter;Fische;Meeresfische und Neunaugen;Aalmutter;Zoarces viviparus;;;
fisch_adlerfisch;Fische;Meeresfische und Neunaugen;Adlerfisch;Argyrosomus regius;;;
fisch_atlantische_makrele;Fische;Meeresfische und Neunaugen;Atlantische Makrele;Scomber scombrus;;;
fisch_atlantischer_hering;Fische;Meeresfische und Neunaugen;Atlantischer Hering;Clupea harengus;;;
fisch_augenfleck_lippfisch;Fische;Meeresfische und Neunaugen;Augenfleck-Lippfisch;Platichthys solemdali;;;
fisch_blauer_wittling;Fische;Meeresfische und Neunaugen;Blaür Wittling;Micromesistius poutassou;;;
fisch_blaumaeulchen;Fische;Meeresfische und Neunaugen;Blaumäulchen;Helicolenus dactylopterus;;;
fisch_brachsenmakrele;Fische;Meeresfische und Neunaugen;Brachsenmakrele;Brama brama;;;
fisch_butterfisch;Fische;Meeresfische und Neunaugen;Butterfisch;Pholis gunnellus;;;
fisch_dicklippige_meeraesche;Fische;Meeresfische und Neunaugen;Dicklippige Meeräsche;Chelon labrosus;;;
fisch_doggerscharbe;Fische;Meeresfische und Neunaugen;Doggerscharbe;Hippoglossoides platessoides;;;
fisch_dreibaertelige_seequappe;Fische;Meeresfische und Neunaugen;Dreibärtelige Seequappe;Gaidropsarus vulgaris;;;
fisch_duennlippige_meeraesche;Fische;Meeresfische und Neunaugen;Dünnlippige Meeräsche;Chelon ramada;;;
fisch_europaeischer_aal;Fische;Meeresfische und Neunaugen;Europäischer Aal;Anguilla anguilla;;;
fisch_finte;Fische;Meeresfische und Neunaugen;Finte;Alosa fallax;;;
fisch_fleckengrundel;Fische;Meeresfische und Neunaugen;Fleckengrundel;Pomatoschistus pictus;;;
fisch_flunder;Fische;Meeresfische und Neunaugen;Flunder;Platichthys flesus;;;
fisch_fluegelbutt;Fische;Meeresfische und Neunaugen;Flügelbutt;Lepidorhombus whiffiagonis;;;
fisch_franzosendorsch;Fische;Meeresfische und Neunaugen;Franzosendorsch;Trisopterus luscus;;;
fisch_froschdorsch;Fische;Meeresfische und Neunaugen;Froschdorsch;Raniceps raninus;;;
fisch_fuenfbaertelige_seequappe;Fische;Meeresfische und Neunaugen;Fünfbärtelige Seequappe;Ciliata mustela;;;
fisch_gefleckter_grosser_sandaal;Fische;Meeresfische und Neunaugen;Gefleckter Grosser Sandaal;Hyperoplus lanceolatus;;;
fisch_gefleckter_leierfisch;Fische;Meeresfische und Neunaugen;Gefleckter Leierfisch;Callionymus maculatus;;;
fisch_gefleckter_lippfisch;Fische;Meeresfische und Neunaugen;Gefleckter Lippfisch;Labrus bergylta;;;
fisch_gemeiner_seewolf;Fische;Meeresfische und Neunaugen;Gemeiner Seewolf;Anarhichas lupus;;;
fisch_gemeiner_aehrenfisch;Fische;Meeresfische und Neunaugen;Gemeiner ährenfisch;Callionymus lyra;;;
fisch_glasauge;Fische;Meeresfische und Neunaugen;Glasauge;Argentina sphyraena;;;
fisch_glasgrundel;Fische;Meeresfische und Neunaugen;Glasgrundel;Aphia minuta;;;
fisch_glattbutt;Fische;Meeresfische und Neunaugen;Glattbutt;Scophthalmus rhombus;;;
fisch_grasnadel;Fische;Meeresfische und Neunaugen;Grasnadel;Syngnathus typhle;;;
fisch_grauer_knurrhahn;Fische;Meeresfische und Neunaugen;Graür Knurrhahn;Eutrigla gurnardus;;;
fisch_grosse_schlangennadel;Fische;Meeresfische und Neunaugen;Grosse Schlangennadel;Entelurus aequoreus;;;
fisch_grosse_seenadel;Fische;Meeresfische und Neunaugen;Grosse Seenadel;Syngnathus acus;;;
fisch_grosser_scheibenbauch;Fische;Meeresfische und Neunaugen;Grosser Scheibenbauch;Liparis liparis;;;
fisch_grosses_petermaennchen;Fische;Meeresfische und Neunaugen;Grosses Petermännchen;Trachinus draco;;;
fisch_haarbutt;Fische;Meeresfische und Neunaugen;Haarbutt;Zeugopterus punctatus;;;
fisch_heilbutt;Fische;Meeresfische und Neunaugen;Heilbutt;Hippoglossus hippoglossus;;;
fisch_heringskoenig;Fische;Meeresfische und Neunaugen;Heringskönig, Petersfisch;Zeus faber;;;
fisch_holzmakrele;Fische;Meeresfische und Neunaugen;Holzmakrele, Stöcker;Trachurus trachurus;;;
fisch_hornhecht;Fische;Meeresfische und Neunaugen;Hornhecht;Belone belone;;;
fisch_hundszunge;Fische;Meeresfische und Neunaugen;Hundszunge;Glyptocephalus cynoglossus;;;
fisch_kabeljau;Fische;Meeresfische und Neunaugen;Kabeljau, Dorsch;Gadus morhua;;;
fisch_kleine_schlangennadel;Fische;Meeresfische und Neunaugen;Kleine Schlangennadel;Nerophis ophidion;;;
fisch_kleine_seenadel;Fische;Meeresfische und Neunaugen;Kleine Seenadel;Syngnathus rostellatus;;;
fisch_kleiner_rotbarsch;Fische;Meeresfische und Neunaugen;Kleiner Rotbarsch;Sebastes viviparus;;;
fisch_kleiner_sandaal;Fische;Meeresfische und Neunaugen;Kleiner Sandaal;Ammodytes tobianus;;;
fisch_kleiner_scheibenbauch;Fische;Meeresfische und Neunaugen;Kleiner Scheibenbauch;Liparis montagui;;;
fisch_kleines_petermaennchen;Fische;Meeresfische und Neunaugen;Kleines Petermännchen;Echiichthys vipera;;;
fisch_kliesche;Fische;Meeresfische und Neunaugen;Kliesche, Scharbe;Limanda limanda;;;
fisch_klippenbarsch;Fische;Meeresfische und Neunaugen;Klippenbarsch;Ctenolabrus rupestris;;;
fisch_kristallgrundel;Fische;Meeresfische und Neunaugen;Kristallgrundel;Crystallogobius linearis;;;
fisch_kurzschnaeuziges_seepferdchen;Fische;Meeresfische und Neunaugen;Kurzschnäuziges Seepferdchen;Maurolicus muelleri;;;
fisch_lammzunge;Fische;Meeresfische und Neunaugen;Lammzunge;Arnoglossus laterna;;;
fisch_leng;Fische;Meeresfische und Neunaugen;Leng;Molva molva;;;
fisch_lozanos_grundel;Fische;Meeresfische und Neunaugen;Lozanos Grundel;Pomatoschistus lozanoi;;;
fisch_makrelenhecht;Fische;Meeresfische und Neunaugen;Makrelenhecht;Scomberesox saurus;;;
fisch_meeraal;Fische;Meeresfische und Neunaugen;Meeraal;Conger conger;;;
fisch_mondfisch;Fische;Meeresfische und Neunaugen;Mondfisch;Mola mola;;;
fisch_nacktsandaal;Fische;Meeresfische und Neunaugen;Nacktsandaal;Gymnammodytes semisquamatus;;;
fisch_norwegergrundel;Fische;Meeresfische und Neunaugen;Norwegergrundel;Pomatoschistus norvegicus;;;
fisch_noerdliche_fuenfbaertelige_seequappe;Fische;Meeresfische und Neunaugen;Nördliche Fünfbärtelige Seequappe;Ciliata septentrionalis;;;
fisch_seequappe_ornamentleierfisch;Fische;Meeresfische und Neunaugen;Seequappe Ornamentleierfisch;Sarda sarda;;;
fisch_pollack;Fische;Meeresfische und Neunaugen;Pollack, Steinköhler;Pollachius pollachius;;;
fisch_roter_knurrhahn;Fische;Meeresfische und Neunaugen;Roter Knurrhahn;Chelidonichthys lucerna;;;
fisch_roter_thun;Fische;Meeresfische und Neunaugen;Roter Thun;Thunnus thynnus;;;
fisch_rotzunge;Fische;Meeresfische und Neunaugen;Rotzunge, Limande;Microstomus kitt;;;
fisch_sandaal;Fische;Meeresfische und Neunaugen;Sandaal;Ammodytes marinus;;;
fisch_sandgrundel;Fische;Meeresfische und Neunaugen;Sandgrundel;Pomatoschistus minutus;;;
fisch_sandzunge;Fische;Meeresfische und Neunaugen;Sandzunge;Pegusa lascaris;;;
fisch_sardelle;Fische;Meeresfische und Neunaugen;Sardelle;Engraulis encrasicolus;;;
fisch_sardine;Fische;Meeresfische und Neunaugen;Sardine;Sardina pilchardus;;;
fisch_schan;Fische;Meeresfische und Neunaugen;Schan;Lipophrys pholis;;;
fisch_schellfisch;Fische;Meeresfische und Neunaugen;Schellfisch;Melanogrammus aeglefinus;;;
fisch_scholle;Fische;Meeresfische und Neunaugen;Scholle;Pleuronectes platessa;;;
fisch_schwarzgrundel;Fische;Meeresfische und Neunaugen;Schwarzgrundel;Gobius niger;;;
fisch_schwertfisch;Fische;Meeresfische und Neunaugen;Schwertfisch;Xiphias gladius;;;
fisch_schwimmgrundel;Fische;Meeresfische und Neunaugen;Schwimmgrundel;Pomatoschistus flavescens;;;
fisch_seebull;Fische;Meeresfische und Neunaugen;Seebull;Taurulus bubalis;;;
fisch_seehase;Fische;Meeresfische und Neunaugen;Seehase;Cyclopterus lumpus;;;
fisch_seehecht;Fische;Meeresfische und Neunaugen;Seehecht;Merluccius merluccius;;;
fisch_seekuckuck;Fische;Meeresfische und Neunaugen;Seekuckuck;Chelidonichthys cuculus;;;
fisch_seelachs;Fische;Meeresfische und Neunaugen;Seelachs, Köhler;Pollachius virens;;;
fisch_seeskorpion;Fische;Meeresfische und Neunaugen;Seeskorpion;Myoxocephalus scorpius;;;
fisch_seestichling;Fische;Meeresfische und Neunaugen;Seestichling;Spinachia spinachia;;;
fisch_seeteufel;Fische;Meeresfische und Neunaugen;Seeteufel;Lophius piscatorius;;;
fisch_seezunge;Fische;Meeresfische und Neunaugen;Seezunge;Solea solea;;;
fisch_spitzschwaenziger_bandfisch;Fische;Meeresfische und Neunaugen;Spitzschwänziger Bandfisch;Lumpenus lampretaeformis;;;
fisch_sprotte;Fische;Meeresfische und Neunaugen;Sprotte;Sprattus sprattus;;;
fisch_stachelruecken_schleimfisch;Fische;Meeresfische und Neunaugen;Stachelrücken-Schleimfisch;Chirolophis ascanii;;;
fisch_steinbutt;Fische;Meeresfische und Neunaugen;Steinbutt;Scophthalmus maximus;;;
fisch_steinpicker;Fische;Meeresfische und Neunaugen;Steinpicker;Agonus cataphractus;;;
fisch_stintdorsch;Fische;Meeresfische und Neunaugen;Stintdorsch;Trisopterus esmarkii;;;
fisch_strandgrundel;Fische;Meeresfische und Neunaugen;Strandgrundel;Pomatoschistus microps;;;
fisch_streifenbarbe;Fische;Meeresfische und Neunaugen;Streifenbarbe;Mullus surmuletus;;;
fisch_streifenzunge;Fische;Meeresfische und Neunaugen;Streifenzunge;Microchirus variegatus;;;
fisch_ungefleckter_grosser_sandaal;Fische;Meeresfische und Neunaugen;Ungefleckter Grosser Sandaal;Hyperoplus immaculatus;;;
fisch_vahls_wolfsfisch;Fische;Meeresfische und Neunaugen;Vahls Wolfsfisch;Lycodes gracilis;;;
fisch_vierbaertelige_seequappe;Fische;Meeresfische und Neunaugen;Vierbärtelige Seequappe;Enchelyopus cimbrius;;;
fisch_wittling;Fische;Meeresfische und Neunaugen;Wittling;Merlangius merlangus;;;
fisch_wolfsbarsch;Fische;Meeresfische und Neunaugen;Wolfsbarsch, Seebarsch;Dicentrarchus labrax;;;
fisch_zwergbutt;Fische;Meeresfische und Neunaugen;Zwergbutt;Phrynorhombus norvegicus;;;
fisch_zwergdorsch;Fische;Meeresfische und Neunaugen;Zwergdorsch;Trisopterus minutus;;;
fisch_zwergseeskorpion;Fische;Meeresfische und Neunaugen;Zwergseeskorpion;Micrenophrys lilljeborgii;;;
fisch_zwergzunge;Fische;Meeresfische und Neunaugen;Zwergzunge, Glaszunge;Buglossidium luteum;;;
amphibie_bergmolch;Amphibien;Schwanzlurche;Bergmolch;Ichthyosaura alpestris;;;
amphibie_fadenmolch;Amphibien;Schwanzlurche;Fadenmolch;Lissotriton helveticus;;;
amphibie_teichmolch;Amphibien;Schwanzlurche;Teichmolch;Lissotriton vulgaris;;;
amphibie_alpensalamander;Amphibien;Schwanzlurche;Alpensalamander;Salamandra atra;;;
amphibie_feuersalamander;Amphibien;Schwanzlurche;Feürsalamander;Salamandra salamandra;;;
amphibie_kammmolch;Amphibien;Schwanzlurche;Kammmolch;Triturus cristatus;;;
amphibie_geburtshelferkroete;Amphibien;Froschlurche;Geburtshelferkröte;Alytes obstetricans;;;
amphibie_gelbbauchunke;Amphibien;Froschlurche;Gelbbauchunke;Bombina variegata;;;
amphibie_rotbauchunke;Amphibien;Froschlurche;Rotbauchunke;Bombina bombina;;;
amphibie_erdkroete;Amphibien;Froschlurche;Erdkröte;Bufo bufo;;;
amphibie_wechselkroete;Amphibien;Froschlurche;Wechselkröte;Bufotes viridis;;;
amphibie_kreuzkroete;Amphibien;Froschlurche;Kreuzkröte;Epidalea calamita;;;
amphibie_laubfrosch;Amphibien;Froschlurche;Laubfrosch;Hyla arborea;;;
amphibie_nordamerikanischer_ochsenfrosch;Amphibien;Froschlurche;Nordamerikanischer Ochsenfrosch;Lithobates catesbeianus;;;
amphibie_knoblauchkroete;Amphibien;Froschlurche;Knoblauchkröte;Pelobates fuscus;;;
amphibie_teichfrosch;Amphibien;Froschlurche;Teichfrosch;Pelophylax esculentus;;;
amphibie_kleiner_wasserfrosch;Amphibien;Froschlurche;Kleiner Wasserfrosch;Pelophylax lessonae;;;
amphibie_seefrosch;Amphibien;Froschlurche;Seefrosch;Pelophylax ridibundus;;;
amphibie_moorfrosch;Amphibien;Froschlurche;Moorfrosch;Rana arvalis;;;
amphibie_springfrosch;Amphibien;Froschlurche;Springfrosch;Rana dalmatina;;;
amphibie_grasfrosch;Amphibien;Froschlurche;Grasfrosch;Rana temporaria;;;
reptil_europaeische_sumpfschildkroete;Reptilien;Schildkröten;Europäische Sumpfschildkröte;Emys orbicularis;;;
reptil_westliche_blindschleiche;Reptilien;Echsen;Westliche Blindschleiche;Anguis fragilis;;;
reptil_zauneidechse;Reptilien;Echsen;Zauneidechse;Lacerta agilis;;;
reptil_westliche_smaragdeidechse;Reptilien;Echsen;Westliche Smaragdeidechse;Lacerta bilineata;;;
reptil_oestliche_smaragdeidechse;Reptilien;Echsen;Östliche Smaragdeidechse;Lacerta viridis;;;
reptil_mauereidechse;Reptilien;Echsen;Maüreidechse;Podarcis muralis;;;
reptil_waldeidechse;Reptilien;Echsen;Waldeidechse;Zootoca vivipara;;;
reptil_schlingnatter;Reptilien;Schlangen;Schlingnatter;Coronella austriaca;;;
reptil_ringelnatter;Reptilien;Schlangen;Ringelnatter;Natrix natrix;;;
reptil_barren_ringelnatter;Reptilien;Schlangen;Barren-Ringelnatter;Natrix helvetica;;;
reptil_wuerfelnatter;Reptilien;Schlangen;Würfelnatter;Natrix tessellata;;;
reptil_aspisviper;Reptilien;Schlangen;Aspisviper;Vipera aspis;;;
reptil_kreuzotter;Reptilien;Schlangen;Kreuzotter;Vipera berus;;;
reptil_aeskulapnatter;Reptilien;Schlangen;Äskulapnatter;Zamenis longissimus;;;
